id,name,prefecture,city,other_address,access,tel,business_hour,hp,wifi,socket,smoking,iccard,lat,lng,chair
0,キラリス函館店 | PRONTO,北海道,函館市,若松町20番1号キラリス函館１F,函館駅前駅徒歩3分以内,0138-22-2221,"平日：カフェ7:00〜17:30
土曜：カフェ8:00〜17:30
日曜：カフェ8:00〜17:30
祝日：カフェ8:00〜17:30",https://www.pronto.co.jp/shop/detail?shopid=PR00001007,TRUE,FALSE,TRUE,FALSE,41.7728914,140.7286837,73席
1,札幌駅地下街店 | PRONTO,北海道,札幌市,中央区北５条西４丁目札幌駅南口広場地下街,札幌駅徒歩2分以上,011-209-3432,"平日：カフェ7:00〜17:30
土曜：カフェ7:00〜17:30
日曜：カフェ7:30〜17:30
祝日：カフェ7:30〜17:30",https://www.pronto.co.jp/shop/detail?shopid=0112093432,TRUE,FALSE,TRUE,FALSE,43.0663341,141.3507569,63席
2,さっぽろポールタウン店 | PRONTO,北海道,札幌市,中央区南３条西３丁目さっぽろ地下街ポールタウン内,すすきの駅徒歩2分以上,011-261-7166,"平日：カフェ7:00〜17:30
土曜：カフェ7:00〜17:30
日曜：カフェ7:00〜17:30
祝日：カフェ7:00〜17:30",https://www.pronto.co.jp/shop/detail?shopid=0112617166,TRUE,FALSE,TRUE,FALSE,43.057116,141.353262,95席
3,新さっぽろ店 | PRONTO,北海道,札幌市,厚別区厚別中央２条５丁目６番２号デュオ㈵２Ｆ,新札幌駅徒歩3分以内,011-890-2569,"平日：カフェ7:00〜17:30
土曜：カフェ7:00〜17:30
日曜：カフェ7:00〜17:30
祝日：カフェ7:00〜17:30",https://www.pronto.co.jp/shop/detail?shopid=0118902569,TRUE,FALSE,TRUE,FALSE,43.03842,141.472827,71席
4,新千歳空港店 | PRONTO,北海道,千歳市,美々新千歳空港旅客タ−ミナルビル4F,新千歳空港駅徒歩1分以上,0123-45-3123,"平日：カフェ7:30〜17:30
土曜：カフェ7:30〜17:30
日曜：カフェ7:30〜17:30
祝日：カフェ7:30〜17:30",https://www.pronto.co.jp/shop/detail?shopid=0123493401,TRUE,FALSE,TRUE,FALSE,42.7885122,141.6810434,84席
5,盛岡フェザン店 | PRONTO,岩手県,盛岡市,盛岡駅前通1-44盛岡フェザンB1めんこい横丁内,盛岡駅徒歩1分以上,019-604-2281,"平日：カフェ7:00〜17:30
土曜：カフェ8:00〜17:30
日曜：カフェ8:00〜17:30
祝日：カフェ8:00〜17:30",https://www.pronto.co.jp/shop/detail?shopid=PR00002007,FALSE,TRUE,TRUE,FALSE,39.7017377,141.1369992,86席
6,仙台青葉通り店 | PRONTO,宮城県,仙台市,青葉区中央２−３−６読売仙台ビル１Ｆ,広瀬通駅徒歩3分以上,022-722-3330,"平日：カフェ7:00〜17:30
土曜：カフェ8:00〜17:30
日曜：カフェ8:00〜17:30
祝日：カフェ8:00〜17:30",https://www.pronto.co.jp/shop/detail?shopid=0227223330,TRUE,FALSE,TRUE,FALSE,38.2606217,140.875673,87席
7,仙台国際空港店 | PRONTO,宮城県,名取市,下増田字南原無番地仙台空港旅客ターミナルビル1F,館腰駅徒歩64分以上,022-738-9634,"平日：カフェ6:30〜17:30
土曜：カフェ6:30〜17:30
日曜：カフェ6:30〜17:30
祝日：カフェ6:30〜17:30",https://www.pronto.co.jp/shop/detail?shopid=PR00002009,FALSE,FALSE,FALSE,FALSE,38.1378469,140.92942,86席
8,仙台セルバテラス店 | PRONTO,宮城県,仙台市,泉区泉中央1-6-3,泉中央駅徒歩2分以上,022-347-4434,"平日：カフェ7:00〜17:30
土曜：カフェ8:00〜17:30
日曜：カフェ8:00〜17:30
祝日：カフェ8:00〜17:30",https://www.pronto.co.jp/shop/detail?shopid=PR00002008,TRUE,FALSE,TRUE,FALSE,38.3245753,140.8809317,95席
9,秋田オーパ店 | PRONTO,秋田県,秋田市,千秋久保田町4-22F,秋田駅徒歩4分以上,018-838-6177,"平日：カフェ10:00〜17:30
土曜：カフェ10:00〜17:30
日曜：カフェ10:00〜17:30
祝日：カフェ10:00〜17:30",https://www.pronto.co.jp/shop/detail?shopid=PR00002010,FALSE,FALSE,TRUE,FALSE,39.720049,140.1283833,59席
10,会津若松店 | PRONTO,福島県,会津若松市,中町４−３１井関ビル１階,七日町駅徒歩13分以上,0242-28-8355,"平日：カフェ 10:00～19:00
土曜：カフェ 10:00～19:00
日曜：カフェ 10:00～18:00
祝日：カフェ 10:00～18:00",https://www.pronto.co.jp/shop/detail?shopid=0242288355,FALSE,FALSE,TRUE,FALSE,37.497536,139.928154,70席
11,宇都宮パセオ店 | PRONTO,栃木県,宇都宮市,川向町1-23宇都宮パセオ1F,宇都宮駅徒歩3分以内,028-627-8586,"平日：カフェ7:00〜17:30
土曜：カフェ7:00〜17:30
日曜：カフェ7:00〜17:30
祝日：カフェ7:00〜17:30",https://www.pronto.co.jp/shop/detail?shopid=0X00219951,TRUE,TRUE,TRUE,FALSE,36.5595785,139.898254,65席
12,小山駅店 | PRONTO,栃木県,小山市,城山町3-3-22小山駅ビルＶＡＬ3Ｆ,小山駅徒歩3分以上,0285-20-5655,"平日：カフェ7:00〜17:30
土曜：カフェ7:00〜17:30
日曜：カフェ7:00〜17:30
祝日：カフェ7:00〜17:30",https://www.pronto.co.jp/shop/detail?shopid=0X00273203,TRUE,TRUE,TRUE,FALSE,36.3127207,139.8064716,62席
13,高崎モントレー店 | PRONTO,群馬県,高崎市,八島町222番地高崎モントレーコンコース階,高崎駅徒歩2分以上,027-386-9505,"平日：カフェ7:00〜17:30
土曜：カフェ8:00〜17:30",https://www.pronto.co.jp/shop/detail?shopid=PR00000271,TRUE,FALSE,FALSE,FALSE,36.3222018,139.0121009,75席
14,かわぐちキャスティ店 | PRONTO,埼玉県,川口市,栄町3-7-1川口キャスティ1F,川口駅徒歩2分以上,048-254-8822,"月～日ランチ・カフェ 7:00～17:30
土曜：カフェ 7:00～17:30
日曜：カフェ 7:00～17:30
祝日：カフェ 7:00～17:30",https://www.pronto.co.jp/shop/detail?shopid=0482548822Z,FALSE,FALSE,TRUE,FALSE,35.8023842,139.7191424,100席
15,アトレ浦和店 | PRONTO,埼玉県,さいたま市,浦和区高砂1-16-12アトレ浦和,浦和駅徒歩3分以内,048-811-2223,"平日：カフェ7:00〜17:30
土曜：カフェ7:00〜17:30
日曜：カフェ7:00〜18:00
祝日：カフェ7:00〜18:00",https://www.pronto.co.jp/shop/detail?shopid=PR00000063,FALSE,TRUE,TRUE,FALSE,35.8582554,139.657684,82席
16,大宮ラクーン店 | PRONTO,埼玉県,さいたま市,大宮区宮町1-60大宮ラクーン1F,大宮駅徒歩4分以上,048-729-5980,"平日：カフェ7:00〜18:00
土曜：カフェ7:00〜18:00
日曜：カフェ7:00〜18:00
祝日：カフェ7:00〜18:00",https://www.pronto.co.jp/shop/detail?shopid=PR00000255,FALSE,TRUE,TRUE,FALSE,35.9077882,139.6256846,70席
17,グランエミオ所沢店 | PRONTO,埼玉県,所沢市,くすのき台一丁目14番地5,所沢駅徒歩3分以内,042-968-3162,"平日：カフェ7:00〜18:00
土曜：カフェ7:00〜18:00",https://www.pronto.co.jp/shop/detail?shopid=PR00000273,TRUE,FALSE,TRUE,FALSE,35.786307,139.4738795,76席
18,さいたま新都心ビル店 | PRONTO,埼玉県,さいたま市,中央区新都心11-1,さいたま新都心駅徒歩2分以上,048-855-8555,"平日：カフェ7:00〜17:30
土曜：カフェ7:00〜17:30
日曜：カフェ7:00〜17:30
祝日：カフェ7:00〜17:30",https://www.pronto.co.jp/shop/detail?shopid=PR00000269,TRUE,FALSE,TRUE,FALSE,35.8937527,139.6318125,73席
19,シーノ大宮店 | PRONTO,埼玉県,さいたま市,大宮区桜木町１−１０−１７シーノ大宮サウスウィング２階,大宮駅徒歩5分以上,048-657-6477,"平日：カフェ 7:00～17:30
土曜：カフェ 9:00～17:30
日曜：カフェ 9:00～18:00
祝日：カフェ 9:00～18:00",https://www.pronto.co.jp/shop/detail?shopid=0486576477,FALSE,FALSE,TRUE,FALSE,35.9047989,139.6189919,56席
20,新越谷ヴァリエ店 | PRONTO,埼玉県,越谷市,南越谷1-11-4,新越谷駅徒歩3分以内,048-961-1008,"平日：カフェ7:00〜17:30
土曜：カフェ7:00〜17:30
日曜：カフェ7:00〜17:30
祝日：カフェ7:00〜17:30",https://www.pronto.co.jp/shop/detail?shopid=PR00000262,TRUE,TRUE,TRUE,FALSE,35.8754808,139.790241,91席
21,武蔵浦和マーレ店 | PRONTO,埼玉県,さいたま市,南区白幡5-19-19,武蔵浦和駅徒歩2分以上,048-711-6246,"平日：カフェ7:00〜17:30
土曜：カフェ8:00〜17:30
日曜：カフェ8:00〜17:30
祝日：カフェ8:00〜17:30",https://www.pronto.co.jp/shop/detail?shopid=PR00000266,FALSE,TRUE,TRUE,FALSE,35.8445198,139.6477658,49席
22,印西牧の原駅前店 | PRONTO,千葉県,印西市,原1-1-3,印西牧の原駅徒歩2分以上,047-648-4800,"平日：カフェ6:30〜17:30
土曜：カフェ6:30〜17:30
日曜：カフェ6:30〜17:30
祝日：カフェ6:30〜17:30",https://www.pronto.co.jp/shop/detail?shopid=PR00000268,FALSE,FALSE,FALSE,FALSE,35.8017389,140.1674475,67席
23,京成幕張本郷駅店 | PRONTO,千葉県,千葉市,花見川区幕張本郷１−１−３幕張本郷駅構内,幕張本郷駅徒歩3分以内,043-350-3453,"平日：カフェ 7:00～17:30
土曜：カフェ 7:30～17:30
日曜：カフェ 7:30～17:30
祝日：カフェ 7:30～17:30",https://www.pronto.co.jp/shop/detail?shopid=0433503453,FALSE,TRUE,TRUE,FALSE,35.6727454,140.042304,70席
24,千葉そごう前店 | PRONTO,千葉県,千葉市,中央区新町１０００番千葉そごう京成千葉駅構内,京成千葉駅徒歩3分以内,043-245-7713,"平日：カフェ7:00〜17:30
土曜：カフェ7:00〜17:30
日曜：カフェ7:00〜17:30
祝日：カフェ7:00〜17:30",https://www.pronto.co.jp/shop/detail?shopid=0432457714Z,FALSE,FALSE,TRUE,FALSE,35.6116595,140.1137243,98席
25,幕張店 | PRONTO,千葉県,千葉市,美浜区中瀬２−６幕張ＷＢＧマリブイ−スト２Ｆ,海浜幕張駅徒歩3分以上,043-297-8000,"平日：カフェ7:00〜17:30
土曜：カフェ11:00〜18:00
日曜：カフェ11:00〜18:00
祝日：カフェ11:00〜18:00",https://www.pronto.co.jp/shop/detail?shopid=0432978000,FALSE,TRUE,TRUE,FALSE,35.649092,140.03972,46席
26,八柱駅店 | PRONTO,千葉県,松戸市,日暮1-1-1八柱駅第2ビル3Ｆ,八柱駅徒歩3分以内,047-312-8880,"平日：カフェ6:30〜18:00
土曜：カフェ7:00〜18:00
日曜：カフェ7:00〜18:00
祝日：カフェ7:00〜18:00",https://www.pronto.co.jp/shop/detail?shopid=PR00000251,FALSE,FALSE,TRUE,FALSE,35.7914866,139.9377274,54席
27,9‐CAFEbyPRONTO | PRONTO,東京都,千代田区,紀尾井町上智大学9号館B1F,四ツ谷駅徒歩2分以上,03-3288-1877,"平日：カフェ8:00〜20:00
土曜：カフェ10:00〜17:00
日曜：カフェ10:00〜17:00
祝日：カフェ10:00〜17:00",https://www.pronto.co.jp/shop/detail?shopid=PR00000069,FALSE,FALSE,FALSE,FALSE,35.6831761,139.7320976,
28,HASSOCAFFEwithPRONTO | PRONTO,東京都,千代田区,神田錦町3-22テラススクエア1Ｆ,神保町駅徒歩5分以上,03-6273-7775,"平日：カフェ7:00〜17:30
土曜：カフェ11:00〜17:00",https://www.pronto.co.jp/shop/detail?shopid=PR00000263,FALSE,FALSE,TRUE,FALSE,35.6933788,139.7600168,81席
29,BEERTERIA東京駅店 | PRONTO,東京都,千代田区,丸の内1丁目9-1東京駅八重洲北口1階キッチンストリート,東京駅徒歩5分以上,03-5224-8685,"平日：カフェ 7:00～17:00
土曜：カフェ 7:00～17:00
日曜：カフェ 7:00～17:00
祝日：カフェ 7:00～17:00",https://www.pronto.co.jp/shop/detail?shopid=0X00302098,TRUE,FALSE,TRUE,FALSE,35.6834804,139.7683109,65席
30,エキア北千住駅店 | PRONTO,東京都,足立区,千住旭町42-1北千住駅構内2F,北千住駅徒歩2分以上,03-3882-1788,"平日：カフェ7:00〜17:30
土曜：カフェ7:00〜17:30
日曜：カフェ7:00〜17:30
祝日：カフェ7:00〜17:30",https://www.pronto.co.jp/shop/detail?shopid=PR00000254,TRUE,TRUE,TRUE,FALSE,35.7496651,139.8054721,71席
31,虎ノ門1丁目店 | PRONTO,東京都,港区,虎ノ門1-15-12ガス協会ビル1F,虎ノ門駅徒歩2分以上,03-5510-7355,平日：カフェ7:00〜17:30,https://www.pronto.co.jp/shop/detail?shopid=PR00000064,TRUE,FALSE,FALSE,FALSE,35.6691096,139.7489572,48席
32,ビーンズ赤羽店 | PRONTO,東京都,北区,赤羽1-1-1,赤羽駅徒歩1分以上,03-5249-3088,"平日：カフェ7:00〜17:30
土曜：カフェ8:00〜17:30",https://www.pronto.co.jp/shop/detail?shopid=PR00000267,TRUE,FALSE,TRUE,FALSE,35.7785979,139.7206779,45席
33,PRONTOアトレヴィ三鷹店 | PRONTO,東京都,三鷹市,下連雀3-46-1アトレヴィ三鷹4F,三鷹駅徒歩3分以内,042-255-1522,"平日：カフェ7:00〜17:30
土曜：カフェ7:00〜17:30
日曜：カフェ7:00〜17:30
祝日：カフェ7:00〜17:30",https://www.pronto.co.jp/shop/detail?shopid=PR00000260,FALSE,TRUE,TRUE,FALSE,35.702617,139.5611936,49席
34,ビーンズ阿佐ヶ谷店 | PRONTO,東京都,杉並区,阿佐谷南3-36-1Dila阿佐ヶ谷2F,阿佐ヶ谷駅徒歩3分以上,03-5327-3277,"平日：カフェ7:30〜17:30
土曜：カフェ8:00〜17:30
日曜：カフェ8:00〜17:30
祝日：カフェ8:00〜17:30",https://www.pronto.co.jp/shop/detail?shopid=PR00000070,FALSE,FALSE,TRUE,FALSE,35.703949,139.633077,70席
35,青山店 | PRONTO,東京都,港区,北青山３−１２−７秋月ビル,表参道駅徒歩3分以上,03-5485-5968,"平日：カフェ7:00〜17:30
土曜：カフェ8:00〜17:30
日曜：カフェ8:00〜17:30
祝日：カフェ8:00〜17:30",https://www.pronto.co.jp/shop/detail?shopid=0354855968,TRUE,FALSE,TRUE,FALSE,35.6634391,139.7103845,108席
36,秋葉原駅北口店 | PRONTO,東京都,千代田区,神田練塀町３−３大東ビル１Ｆ,秋葉原駅徒歩2分以上,03-5297-3640,"平日：カフェ7:00〜17:30
土曜：カフェ9:00〜17:30
日曜：カフェ9:00〜17:30
祝日：カフェ9:00〜17:30",https://www.pronto.co.jp/shop/detail?shopid=0352973640,TRUE,FALSE,TRUE,FALSE,35.6997837,139.7741138,58席
37,秋葉原店 | PRONTO,東京都,千代田区,神田和泉町１−１−１２,秋葉原駅徒歩3分以内,03-3861-9240,"平日：カフェ7:00〜17:30
土曜：カフェ10:00〜17:30",https://www.pronto.co.jp/shop/detail?shopid=0338619240,TRUE,FALSE,TRUE,FALSE,35.6989473,139.7764992,62席
38,浅草店 | PRONTO,東京都,台東区,浅草１−２３−６浅草関根ビル１Ｆ,田原町駅徒歩5分以上,03-5827-1581,"平日：カフェ7:30〜17:30
土曜：カフェ9:00〜17:30
日曜：カフェ8:30〜17:30
祝日：カフェ8:30〜17:30",https://www.pronto.co.jp/shop/detail?shopid=0358271581,TRUE,FALSE,TRUE,FALSE,35.7122831,139.793268,70席
39,飯田橋店 | PRONTO,東京都,新宿区,揚場町１−１１飯田橋中央ビルＢ１Ｆ,飯田橋駅徒歩3分以内,03-5261-1456,"平日：カフェ6:45〜17:30
土曜：カフェ8:00〜17:30
日曜：カフェ9:00〜19:00
祝日：カフェ9:00〜19:00",https://www.pronto.co.jp/shop/detail?shopid=0352611456,TRUE,FALSE,TRUE,FALSE,35.702435,139.743795,89席
40,池尻大橋店 | PRONTO,東京都,世田谷区,池尻３−１−３武藤工業本社ビルＢ１,池尻大橋駅徒歩3分以内,03-5486-1158,"平日：カフェ7:00〜17:30
土曜：カフェ8:00〜20:00
日曜：カフェ10:00〜20:00
祝日：カフェ10:00〜20:00",https://www.pronto.co.jp/shop/detail?shopid=0354861155,TRUE,FALSE,TRUE,FALSE,35.6507831,139.6839773,55席
41,池袋サンシャイン通り店 | PRONTO,東京都,豊島区,東池袋1-21-13aune池袋1F,東池袋駅徒歩5分以上,03-5957-1688,"平日：カフェ7:00〜17:30
土曜：カフェ8:00〜17:30
日曜：カフェ9:00〜17:30
祝日：カフェ9:00〜17:30",https://www.pronto.co.jp/shop/detail?shopid=0X00183386,TRUE,FALSE,TRUE,FALSE,35.7304483,139.7159903,122席
42,池袋西口公園店 | PRONTO,東京都,豊島区,西池袋１−１５−７吉大ビル,池袋駅徒歩1分以上,03-5992-2372,"平日：カフェ7:00〜17:30
土曜：カフェ7:00〜17:00
日曜：カフェ7:00〜17:00
祝日：カフェ7:00〜17:00",https://www.pronto.co.jp/shop/detail?shopid=0359922372,TRUE,TRUE,TRUE,FALSE,35.7303675,139.7095067,94席
43,池袋東口店 | PRONTO,東京都,豊島区,南池袋１−２２−８,池袋駅徒歩4分以上,03-5957-5840,"平日：カフェ7:00〜18:00
土曜：カフェ8:00〜18:00
日曜：カフェ8:00〜18:00
祝日：カフェ8:00〜18:00",https://www.pronto.co.jp/shop/detail?shopid=PR00000257,FALSE,TRUE,TRUE,FALSE,35.7293256,139.7126496,58席
44,市ヶ谷店 | PRONTO,東京都,千代田区,九段北４−２−１３,市ヶ谷駅徒歩1分以上,03-3288-6571,"平日：カフェ7:00〜17:30
土曜：カフェ9:00〜17:30",https://www.pronto.co.jp/shop/detail?shopid=0332886571,TRUE,FALSE,TRUE,FALSE,35.691597,139.7370353,107席
45,ウインズ汐留店 | PRONTO,東京都,港区,東新橋２−１８−１２Ｆ,汐留駅徒歩4分以上,03-5776-2147,"平日：カフェ7:30〜17:30
土曜：カフェ8:00〜18:00",https://www.pronto.co.jp/shop/detail?shopid=0357762147,FALSE,FALSE,TRUE,FALSE,35.6614206,139.7581319,80席
46,上野しのばず口店 | PRONTO,東京都,台東区,上野６−１１−１１Ｂ１Ｆ−２Ｆ,京成上野駅徒歩2分以上,03-3837-5330,"平日：カフェ7:00〜18:00
土曜：カフェ7:00〜18:00
日曜：カフェ7:00〜18:00
祝日：カフェ7:00〜18:00",https://www.pronto.co.jp/shop/detail?shopid=0338375330,TRUE,FALSE,TRUE,FALSE,35.7104043,139.775446,64席
47,エキア池袋店 | PRONTO,東京都,豊島区,西池袋１−1−２１東武池袋駅構内,池袋駅徒歩2分以上,03-5957-5778,"平日：カフェ7:00〜17:30
土曜：カフェ7:00〜17:30
日曜：カフェ7:00〜17:30
祝日：カフェ7:00〜17:30",https://www.pronto.co.jp/shop/detail?shopid=0X00164093,TRUE,FALSE,TRUE,FALSE,35.7295028,139.7109001,107席
48,恵比寿東口店 | PRONTO,東京都,渋谷区,恵比寿１−１１−１３,恵比寿駅徒歩3分以上,03-3445-5450,"平日：カフェ7:00〜17:30
土曜：カフェ9:00〜17:30
日曜：カフェ9:00〜17:30
祝日：カフェ9:00〜17:30",https://www.pronto.co.jp/shop/detail?shopid=0334455450,TRUE,TRUE,TRUE,FALSE,35.6465238,139.7111976,66席
49,王子店 | PRONTO,東京都,北区,王子１−１０−１３,王子駅徒歩3分以内,03-5390-5570,"平日：カフェ7:00〜17:30
土曜：カフェ7:00〜17:30
日曜：カフェ8:00〜17:30
祝日：カフェ8:00〜17:30",https://www.pronto.co.jp/shop/detail?shopid=0353905551,FALSE,FALSE,TRUE,FALSE,35.7545596,139.7369163,78席
50,大塚店 | PRONTO,東京都,豊島区,北大塚２−１４−５ＫＹビル１階,大塚駅前駅徒歩3分以内,03-3910-6015,"平日：カフェ7:00〜18:00
土曜：カフェ7:30〜18:00
日曜：カフェ7:30〜18:00
祝日：カフェ7:30〜18:00",https://www.pronto.co.jp/shop/detail?shopid=0339106015,TRUE,TRUE,TRUE,FALSE,35.7322173,139.7293185,71席
51,大手町カンファレンスセンター店 | PRONTO,東京都,千代田区,大手町一丁目３番２号大手町カンファレンスセンターＢ１Ｆ,竹橋駅徒歩4分以上,03-6212-0036,平日：カフェ7:00〜17:30,https://www.pronto.co.jp/shop/detail?shopid=0X00123979,FALSE,FALSE,TRUE,FALSE,35.6884698,139.7634932,63席
52,大手町店 | PRONTO,東京都,千代田区,大手町２−１−１大手町野村ビルＢ１Ｆ,大手町駅徒歩4分以上,03-5200-1471,平日：カフェ7:00〜17:30,https://www.pronto.co.jp/shop/detail?shopid=0352001471,TRUE,FALSE,TRUE,FALSE,35.6852714,139.7662418,90席
53,大森店 | PRONTO,東京都,品川区,南大井６−２６−２大森ベルポ−トＣ館,大森駅徒歩4分以上,03-5764-2120,"平日：カフェ 7:30～17:30
土曜：カフェ 9:30～17:30
日曜：カフェ 9:30～17:30
祝日：カフェ 9:30～17:30",https://www.pronto.co.jp/shop/detail?shopid=0357642120,TRUE,FALSE,TRUE,FALSE,35.5882795,139.7312741,46席
54,小田急第一生命ビル店 | PRONTO,東京都,新宿区,西新宿２−７−１小田急第一生命ビルディング１Ｆ,都庁前駅徒歩2分以上,03-5325-5621,平日：カフェ 7:30～17:30,https://www.pronto.co.jp/shop/detail?shopid=0353255621,TRUE,FALSE,TRUE,FALSE,35.6916496,139.6910577,101席
55,御茶ノ水店 | PRONTO,東京都,千代田区,神田駿河台２−４−４サンロイヤルビル,御茶ノ水駅徒歩4分以上,03-3295-2725,"平日：カフェ7:00〜17:30
土曜：カフェ8:00〜17:30",https://www.pronto.co.jp/shop/detail?shopid=0332952725,TRUE,FALSE,TRUE,FALSE,35.6994843,139.7637504,89席
56,勝どき店 | PRONTO,東京都,中央区,勝どき1-8-1B1F,勝どき駅徒歩3分以内,03-3533-0750,"平日：カフェ7:00〜17:30
土曜：カフェ8:00〜17:30
日曜：カフェ9:00〜17:30
祝日：カフェ9:00〜17:30",https://www.pronto.co.jp/shop/detail?shopid=0X00181463,TRUE,FALSE,TRUE,FALSE,35.6594914,139.7770207,86席
57,亀有店 | PRONTO,東京都,葛飾区,亀有３−２５−１ビーンズ亀有内,亀有駅徒歩3分以内,03-3601-6116,"平日：カフェ7:00〜17:30
土曜：カフェ7:00〜17:30
日曜：カフェ7:00〜17:30
祝日：カフェ7:00〜17:30",https://www.pronto.co.jp/shop/detail?shopid=0336016116,FALSE,FALSE,TRUE,FALSE,35.7663663,139.847117,61席
58,亀戸駅店 | PRONTO,東京都,江東区,亀戸５−１−１,亀戸駅徒歩1分以上,03-3684-2949,"平日：カフェ7:00〜17:30
土曜：カフェ7:00〜17:30
日曜：カフェ7:30〜17:30
祝日：カフェ7:30〜17:30",https://www.pronto.co.jp/shop/detail?shopid=0336842949,FALSE,FALSE,TRUE,FALSE,35.6978312,139.8262755,93席
59,茅場町店 | PRONTO,東京都,中央区,日本橋茅場町１−１１−２フジビル１６１Ｆ−２Ｆ,茅場町駅徒歩3分以内,03-5614-2566,"平日：カフェ 6:30～17:30
土曜：カフェ 8:00～17:30
日曜：カフェ 11:00～17:00
祝日：カフェ 11:00～17:00",https://www.pronto.co.jp/shop/detail?shopid=0356142566,FALSE,TRUE,TRUE,FALSE,35.6796744,139.7802547,110席
60,カレッタ汐留店 | PRONTO,東京都,港区,東新橋１−８−２カレッタ汐留Ｂ２Ｆ,汐留駅徒歩3分以上,03-5537-2344,"平日：カフェ7:00〜17:30
土曜：カフェ11:00〜17:30",https://www.pronto.co.jp/shop/detail?shopid=0355372344Z,TRUE,FALSE,TRUE,FALSE,35.66488,139.762487,71席
61,神田店 | PRONTO,東京都,千代田区,鍛冶町２−１−６第２櫻井ビル１Ｆ−２Ｆ,神田駅徒歩3分以内,03-3254-8202,"平日：カフェ7:00〜17:30
土曜：カフェ9:00〜17:30",https://www.pronto.co.jp/shop/detail?shopid=0332548201,TRUE,FALSE,TRUE,FALSE,35.6913515,139.7712336,217席
62,外苑前店 | PRONTO,東京都,港区,北青山２丁目５番８号青山ＯＭ−ＳＱＵＡＲＥＢ１Ｆ,外苑前駅徒歩1分以上,03-5771-6509,平日：カフェ7:00〜17:30,https://www.pronto.co.jp/shop/detail?shopid=0357716509,TRUE,FALSE,TRUE,FALSE,35.670988,139.718509,64席
63,北参道店 | PRONTO,東京都,渋谷区,千駄ヶ谷４−２７−１３,代々木駅徒歩5分以上,03-3401-8014,"平日：カフェ7:30〜17:30
土曜：カフェ7:30〜18:30

祝日：カフェ7:30〜18:00",https://www.pronto.co.jp/shop/detail?shopid=0334018014,TRUE,TRUE,TRUE,FALSE,35.6808084,139.704136,49席
64,銀座コリドー店 | PRONTO,東京都,中央区,銀座６−２コリド−街,日比谷駅徒歩5分以上,03-3571-7715,"平日：カフェ7:00〜17:30
土曜：カフェ8:00〜17:30
日曜：カフェ8:00〜17:30
祝日：カフェ8:00〜17:30",https://www.pronto.co.jp/shop/detail?shopid=PR00000009,TRUE,FALSE,TRUE,FALSE,35.6717622,139.7603635,91席
65,銀座ナイン店 | PRONTO,東京都,中央区,銀座8-5先銀座ナイン1号館,新橋駅徒歩2分以上,03-5537-5757,"平日：カフェ7:00〜17:30
土曜：カフェ8:00〜17:30
日曜：カフェ8:00〜17:30
祝日：カフェ8:00〜17:30",https://www.pronto.co.jp/shop/detail?shopid=0X00219950,FALSE,FALSE,TRUE,FALSE,35.669067,139.7604732,51席
66,銀座並木通り店 | PRONTO,東京都,中央区,銀座8-6-25河北新報ビル,新橋駅徒歩3分以上,03-5537-7771,"平日：カフェ8:00〜17:00
土曜：カフェ9:00〜17:30
日曜：カフェ9:00〜17:30
祝日：カフェ9:00〜17:30",https://www.pronto.co.jp/shop/detail?shopid=PR00000066,TRUE,FALSE,TRUE,FALSE,35.6691868,139.7610372,71席
67,九段下店 | PRONTO,東京都,千代田区,神田神保町３−７ニュ−九段ビル,九段下駅徒歩2分以上,03-3288-2666,"平日：カフェ7:00〜17:30
土曜：カフェ9:00〜17:30
日曜：カフェ11:00〜17:30
祝日：カフェ11:00〜17:30",https://www.pronto.co.jp/shop/detail?shopid=0332882666,TRUE,FALSE,TRUE,FALSE,35.6954438,139.7531834,66席
68,京成金町駅店 | PRONTO,東京都,葛飾区,金町５−３７−９,京成金町駅徒歩3分以内,03-5648-5823,"平日：カフェ7:00〜18:00
土曜：カフェ7:00〜18:00
日曜：カフェ7:00〜18:00
祝日：カフェ7:00〜18:00",https://www.pronto.co.jp/shop/detail?shopid=0356485823,FALSE,FALSE,TRUE,FALSE,35.768588,139.8704291,85席
69,高円寺南口店 | PRONTO,東京都,杉並区,高円寺南3-58-22FUJIYAビル,高円寺駅徒歩3分以内,03-5305-3203,"平日：カフェ7:30〜17:30
土曜：カフェ7:30〜17:30
日曜：カフェ7:30〜17:30
祝日：カフェ7:30〜17:30",https://www.pronto.co.jp/shop/detail?shopid=0X00205055,FALSE,FALSE,TRUE,FALSE,35.7049596,139.6490671,59席
70,麹町店 | PRONTO,東京都,千代田区,麹町４−１セリエビル１Ｆ,麹町駅徒歩1分以上,03-3265-2581,"平日：カフェ　7:00～17:30
土曜：カフェ　11:00～18:00",https://www.pronto.co.jp/shop/detail?shopid=0332652581,FALSE,FALSE,TRUE,FALSE,35.6836714,139.7375604,50席
71,五反田西口店 | PRONTO,東京都,品川区,西五反田１−７−１,五反田駅徒歩3分以内,03-5436-1164,"平日：カフェ7:00〜17:30
土曜：カフェ9:00〜17:30
日曜：カフェ9:00〜18:00
祝日：カフェ9:00〜18:00",https://www.pronto.co.jp/shop/detail?shopid=0354361164,TRUE,FALSE,TRUE,FALSE,35.6251184,139.7238249,75席
72,品川シーサイドフォレスト店 | PRONTO,東京都,品川区,東品川４−１２−４オ−バルガ−デンＢ１Ｆ,品川シーサイド駅徒歩1分以上,03-5460-0078,"平日：カフェ7:00〜18:00
土曜：カフェ9:00〜18:00
日曜：カフェ9:00〜18:00
祝日：カフェ9:00〜18:00",https://www.pronto.co.jp/shop/detail?shopid=0354600078,TRUE,TRUE,TRUE,FALSE,35.6099093,139.7483948,66席
73,品川インターシティー店 | PRONTO,東京都,港区,港南２−１５−２Ｂ棟Ｂ１Ｆ,北品川駅徒歩7分以上,03-5461-3655,"平日：カフェ7:30〜17:30
土曜：カフェ11:00〜18:00
日曜：カフェ9:00〜18:00
祝日：カフェ9:00〜18:00",https://www.pronto.co.jp/shop/detail?shopid=0354613655,FALSE,TRUE,TRUE,FALSE,35.6265399,139.741929,101席
74,品川駅高輪口店 | PRONTO,東京都,港区,高輪3-25-20,品川駅徒歩3分以上,03-5475-6641,"平日：カフェ7:00〜17:30
土曜：カフェ7:00〜17:30
日曜：カフェ8:00〜18:00
祝日：カフェ8:00〜18:00",https://www.pronto.co.jp/shop/detail?shopid=0X00208547,TRUE,FALSE,TRUE,FALSE,35.6303016,139.737793,47席
75,品川店 | PRONTO,東京都,港区,港南１−８−２７日新ビル１階,品川駅徒歩9分以上,03-5769-8513,"平日：カフェ7:00〜17:30
土曜：カフェ9:30〜17:30",https://www.pronto.co.jp/shop/detail?shopid=0357698513,TRUE,FALSE,TRUE,FALSE,35.6298008,139.7438872,76席
76,信濃町店 | PRONTO,東京都,新宿区,南元町１９番地信濃ビル南館２Ｆ,信濃町駅徒歩1分以上,03-5360-6236,"平日：カフェ7:00〜17:30
土曜：カフェ7:00〜17:30
日曜：カフェ7:00〜17:30
祝日：カフェ7:00〜17:30",https://www.pronto.co.jp/shop/detail?shopid=0353606236,TRUE,FALSE,TRUE,FALSE,35.679712,139.7200565,148席
77,芝大門店 | PRONTO,東京都,港区,芝大門１−４−１４,大門駅徒歩2分以上,03-3434-0050,平日：カフェ11:00〜17:30,https://www.pronto.co.jp/shop/detail?shopid=0334340050,TRUE,FALSE,TRUE,FALSE,35.6579099,139.7544212,40席
78,渋谷１・２Ｆ店 | PRONTO,東京都,渋谷区,宇田川町１７−１渋谷ブラザ−ビル1・2Ｆ,渋谷駅徒歩6分以上,03-6803-1418,"平日：カフェ7:30〜17:30
土曜：カフェ8:00〜17:30
日曜：カフェ8:00〜17:30
祝日：カフェ8:00〜17:30",https://www.pronto.co.jp/shop/detail?shopid=0334649111Z,FALSE,FALSE,TRUE,FALSE,35.660744,139.699454,42席
79,渋谷３Ｆ店 | PRONTO,東京都,渋谷区,宇田川町１７−１渋谷ブラザ−ビル３Ｆ,渋谷駅徒歩6分以上,03-6803-1418,"平日：カフェ11:30〜17:30
土曜：カフェ11:30〜17:30
日曜：カフェ11:30〜17:30
祝日：カフェ11:30〜17:30",https://www.pronto.co.jp/shop/detail?shopid=0368031418,FALSE,FALSE,TRUE,FALSE,35.6607412,139.6994622,42席
80,渋谷東武ホテル店 | PRONTO,東京都,渋谷区,宇田川町3-1渋谷東武ホテル１F,渋谷駅徒歩10分以上,03-3464-2015,"平日：カフェ7:00〜18:00
土曜：カフェ7:00〜18:00
日曜：カフェ7:00〜18:00
祝日：カフェ7:00〜18:00",https://www.pronto.co.jp/shop/detail?shopid=PR00000264,TRUE,FALSE,FALSE,FALSE,35.6631235,139.6990332,83席
81,渋谷宮下公園店 | PRONTO,東京都,渋谷区,渋谷１−１６−１４メトロプラザ,渋谷駅徒歩5分以上,03-3406-7127,"平日：カフェ7:00〜17:30
土曜：カフェ9:00〜17:30
日曜：カフェ9:00〜17:30
祝日：カフェ9:00〜17:30",https://www.pronto.co.jp/shop/detail?shopid=0334067127,TRUE,TRUE,TRUE,FALSE,35.6614824,139.7026289,64席
82,新川店 | PRONTO,東京都,中央区,新川２−５−１パートナーシップアパートメント１階,茅場町駅徒歩4分以上,03-3551-5488,平日：カフェ7:30〜17:30,https://www.pronto.co.jp/shop/detail?shopid=0335515488,TRUE,FALSE,TRUE,FALSE,35.6769325,139.7808241,64席
83,新宿駅東口店 | PRONTO,東京都,新宿区,新宿3丁目21番3号,新宿駅徒歩1分以上,03-3352-4176,"平日：カフェ7:30〜17:30
土曜：カフェ7:30〜17:30
日曜：カフェ7:30〜17:30
祝日：カフェ7:30〜17:30",https://www.pronto.co.jp/shop/detail?shopid=0X00204105,TRUE,FALSE,TRUE,FALSE,35.6929124,139.7020746,110席
84,新宿小田急エース店 | PRONTO,東京都,新宿区,西新宿１−１新宿小田急エース南館,新宿駅徒歩4分以上,03-5321-9775,"平日：カフェ7:00〜17:30
土曜：カフェ7:00〜17:30
日曜：カフェ7:00〜17:30
祝日：カフェ7:00〜17:30",https://www.pronto.co.jp/shop/detail?shopid=0353219775,FALSE,FALSE,TRUE,FALSE,35.690367,139.6983998,79席
85,新宿御苑前店 | PRONTO,東京都,新宿区,新宿1-12-6,新宿御苑前駅徒歩4分以上,03-6380-6951,"平日：カフェ 7:00～17:30
土曜：カフェ 7:00～17:30
日曜：カフェ 10:00～17:00
祝日：カフェ 10:00～19:00",https://www.pronto.co.jp/shop/detail?shopid=0363806951,TRUE,FALSE,TRUE,FALSE,35.6888049,139.7120987,100席
86,新宿３丁目店 | PRONTO,東京都,新宿区,新宿３−６−９山口ビル,新宿三丁目駅徒歩1分以上,03-3351-3250,"平日：カフェ7:30〜18:00
土曜：カフェ7:30〜18:00
日曜：カフェ7:30〜18:00
祝日：カフェ7:30〜18:00",https://www.pronto.co.jp/shop/detail?shopid=0333513250,TRUE,FALSE,TRUE,FALSE,35.6915445,139.7060259,45席
87,新宿センタービル店 | PRONTO,東京都,新宿区,西新宿１−２５−１新宿センタ−ビルＭＢ１Ｆ,都庁前駅徒歩3分以上,03-3344-3650,"平日：カフェ7:00〜17:30
土曜：カフェ11:00〜17:30

祝日：カフェ11:00〜17:30",https://www.pronto.co.jp/shop/detail?shopid=0333443650,TRUE,FALSE,TRUE,FALSE,35.6916149,139.695688,51席
88,新宿西口店 | PRONTO,東京都,新宿区,西新宿１−１９−２シルバ−ビル,都庁前駅徒歩7分以上,03-3344-2167,"平日：カフェ 8:00～17:00
土曜：カフェ 10:30～17:00
日曜：カフェ 10:30～17:00
祝日：カフェ 10:30～17:00",https://www.pronto.co.jp/shop/detail?shopid=0333440476,FALSE,FALSE,FALSE,FALSE,35.6884327,139.6976406,30席
89,新橋駅前店 | PRONTO,東京都,港区,新橋２−８−７新橋東和ビル１Ｆ,内幸町駅徒歩3分以上,03-3508-2166,"平日：カフェ7:00〜17:30
土曜：カフェ7:00〜17:30",https://www.pronto.co.jp/shop/detail?shopid=0X00096755,TRUE,FALSE,TRUE,FALSE,35.6669439,139.7551855,107席
90,JPタワー東京 | PRONTO,東京都,千代田区,丸の内2-7-2JPタワー6階,東京駅徒歩2分以上,03-5224-8220,平日：カフェ7:00〜17:30,https://www.pronto.co.jp/shop/detail?shopid=PR00000067,FALSE,FALSE,TRUE,FALSE,35.6801168,139.7647661,
91,水道橋店 | PRONTO,東京都,千代田区,三崎町3-7-12,水道橋駅徒歩4分以上,03-5215-8799,"平日：カフェ7:00〜17:30
土曜：カフェ9:00〜17:30
日曜：カフェ9:00〜17:30
祝日：カフェ9:00〜17:30",https://www.pronto.co.jp/shop/detail?shopid=0X00179611,FALSE,FALSE,TRUE,FALSE,35.7015573,139.7520422,48席
92,相鉄フレッサイン上野御徒町店 | PRONTO,東京都,台東区,上野1-20-8,上野御徒町駅徒歩3分以内,03-5826-4903,"平日〜土カフェ：10:00〜17:30
日祝：カフェ10:00〜17:30",https://www.pronto.co.jp/shop/detail?shopid=PR00000272,FALSE,FALSE,TRUE,FALSE,35.7079239,139.7725324,60席
93,高田馬場店 | PRONTO,東京都,新宿区,高田馬場1−33−13千年ビル地下1階,高田馬場駅徒歩3分以上,03-3232-6767,"平日：カフェ7:00〜17:30
土曜：カフェ7:00〜17:30
日曜：カフェ7:00〜17:30
祝日：カフェ7:00〜17:30",https://www.pronto.co.jp/shop/detail?shopid=PR00000252,FALSE,TRUE,TRUE,FALSE,35.7114143,139.7039415,117席
94,竹橋パレスサイドビル店 | PRONTO,東京都,千代田区,一ツ橋１−１−１パレスサイドビル１Ｆ,竹橋駅徒歩3分以上,03-6266-6266,"平日：カフェ7:00〜17:30
土曜：カフェ8:00〜17:30",https://www.pronto.co.jp/shop/detail?shopid=0362666266,TRUE,FALSE,TRUE,FALSE,35.6909673,139.757443,72席
95,立川北口店 | PRONTO,東京都,立川市,曙町２−７−１９モノリスビル１Ｆ−２Ｆ,立川北駅徒歩1分以上,042-548-1871,"平日：カフェ7:00〜17:30
土曜：カフェ8:00〜17:30
日曜：カフェ8:00〜17:30
祝日：カフェ8:00〜17:30",https://www.pronto.co.jp/shop/detail?shopid=0425481871,TRUE,TRUE,TRUE,FALSE,35.699644,139.4141247,68席
96,天王洲シーフォートスクエア店 | PRONTO,東京都,品川区,東品川2-3-12,天王洲アイル駅徒歩3分以内,03-3471-4410,"平日：カフェ7:00〜17:30
土曜：カフェ10:00〜18:00",https://www.pronto.co.jp/shop/detail?shopid=PR00000270,FALSE,FALSE,TRUE,FALSE,35.6237027,139.7506757,69席
97,東京シティアイカフェ | PRONTO,東京都,千代田区,丸の内2−7−2JPタワーB１F,東京駅徒歩2分以上,03-3217-2046,"平日：カフェ7:00〜17:30
土曜：カフェ7:00〜17:30
日曜：カフェ7:00〜17:30
祝日：カフェ7:00〜17:30",https://www.pronto.co.jp/shop/detail?shopid=0X00299818,FALSE,TRUE,TRUE,FALSE,35.679873,139.7650971,44席
98,東京スカイツリーイーストタワー店 | PRONTO,東京都,墨田区,押上1-1-2東京スカイツリーイーストタワー12F,押上駅徒歩1分以上,03-5610-3015,平日：カフェ7:00〜18:00,https://www.pronto.co.jp/shop/detail?shopid=0X00263160,FALSE,FALSE,TRUE,FALSE,35.710092,139.8125268,72席
99,東京ソラマチ店 | PRONTO,東京都,墨田区,押上1-1-2東京スカイツリータウン・ソラマチ1FSt.ストリート,押上駅徒歩3分以内,03-5610-3025,"平日：カフェ7:00〜17:30
土曜：カフェ7:00〜17:30
日曜：カフェ7:00〜17:30
祝日：カフェ7:00〜17:30",https://www.pronto.co.jp/shop/detail?shopid=0X00262955,TRUE,TRUE,TRUE,FALSE,35.710067,139.8128059,78席
100,東京ドームシティ店 | PRONTO,東京都,文京区,後楽1−3−61黄色いビル2Ｆ,水道橋駅徒歩4分以上,03-5804-1280,"平日：カフェ7:00〜17:30
土曜：カフェ7:00〜17:30
日曜：カフェ7:00〜17:30
祝日：カフェ7:00〜17:30",https://www.pronto.co.jp/shop/detail?shopid=0X00204104,TRUE,FALSE,TRUE,FALSE,35.7038408,139.7520734,86席
101,東京ビッグサイト店 | PRONTO,東京都,江東区,有明３−１１−１東京ビッグサイト国際展示場会議棟,国際展示場正門駅徒歩3分以上,03-3527-8767,"平日：カフェ8:00〜19:00
土曜：カフェ8:00〜19:00
日曜：カフェ8:00〜19:00
祝日：カフェ8:00〜19:00",https://www.pronto.co.jp/shop/detail?shopid=0X00119441,FALSE,FALSE,FALSE,FALSE,35.629271,139.7941221,
102,東陽町店 | PRONTO,東京都,江東区,東陽4-4-3相鉄フレッサイン東京東陽町駅前１Ｆ,東陽町駅徒歩3分以内,03-5633-8460,"平日：カフェ6:30〜17:30
土曜：カフェ6:30〜17:30
日曜：カフェ6:30〜17:30
祝日：カフェ6:30〜17:30",https://www.pronto.co.jp/shop/detail?shopid=0X00290449,FALSE,FALSE,TRUE,FALSE,35.6701187,139.817584,49席
103,豊洲店 | PRONTO,東京都,江東区,豊洲３−３−３豊洲センタ−ビルあいプラザＢ１Ｆ,豊洲駅徒歩3分以内,03-5546-0821,"平日：カフェ7:00〜17:30
土曜：カフェ10:00〜17:30",https://www.pronto.co.jp/shop/detail?shopid=0355460821,TRUE,FALSE,TRUE,FALSE,35.6553329,139.7963795,62席
104,西新井駅店 | PRONTO,東京都,足立区,西新井栄町2-1-1,西新井駅徒歩3分以内,03-5845-5256,"平日：カフェ7:00〜17:30
土曜：カフェ7:00〜17:30
日曜：カフェ7:00〜17:30
祝日：カフェ7:00〜17:30",https://www.pronto.co.jp/shop/detail?shopid=PR00000062,TRUE,TRUE,TRUE,FALSE,35.7772614,139.7899217,48席
105,西新宿店 | PRONTO,東京都,新宿区,西新宿１−１３−１２西新宿昭和ビル１Ｆ,都庁前駅徒歩5分以上,03-5909-1328,"平日：カフェ7:00〜17:30
土曜：カフェ7:00〜17:30
日曜：カフェ7:00〜17:30
祝日：カフェ7:00〜17:30",https://www.pronto.co.jp/shop/detail?shopid=0X00056327,TRUE,FALSE,TRUE,FALSE,35.6898598,139.6967391,108席
106,日本橋三丁目店 | PRONTO,東京都,中央区,日本橋3-13-5ＫＤＸ日本橋３１３ビル１Ｆ,宝町駅徒歩6分以上,03-3242-3760,平日：カフェ7:00〜17:30,https://www.pronto.co.jp/shop/detail?shopid=0332423760,FALSE,FALSE,TRUE,FALSE,35.6790522,139.7748328,58席
107,野村不動産天王洲ビル店 | PRONTO,東京都,品川区,東品川2-4-11,天王洲アイル駅徒歩4分以上,03-5781-0303,平日：カフェ7:00〜17:30,https://www.pronto.co.jp/shop/detail?shopid=0X00249808,FALSE,FALSE,TRUE,FALSE,35.6200532,139.7512703,66席
108,八丁堀店 | PRONTO,東京都,中央区,八丁堀3-20-4ユニゾイン八丁堀1F,八丁堀駅徒歩1分以上,03-3552-3552,"平日：カフェ7:00〜17:30
土曜：カフェ7:00〜17:30
日曜：カフェ7:00〜15:00
祝日：カフェ7:00〜15:00",https://www.pronto.co.jp/shop/detail?shopid=0335523552,TRUE,FALSE,TRUE,FALSE,35.675319,139.777002,50席
109,羽田空港店 | PRONTO,東京都,大田区,羽田空港３−３−２第一タ−ミナルビル１Ｆ,羽田空港第１ビル駅徒歩2分以上,03-5757-9598,"平日：カフェ7:00〜17:30
土曜：カフェ7:00〜17:30
日曜：カフェ7:00〜17:30
祝日：カフェ7:00〜17:30",https://www.pronto.co.jp/shop/detail?shopid=0357579598,TRUE,FALSE,FALSE,FALSE,35.5479312,139.7852972,115席
110,羽田国際線ターミナル店 | PRONTO,東京都,大田区,羽田空港２−６−５国際線旅客ターミナルビル５ＦCOOLZONE,羽田空港駅徒歩20分以上,03-6428-0694,"平日：カフェ7:30〜17:30
土曜：カフェ7:30〜17:30
日曜：カフェ7:30〜17:30
祝日：カフェ7:30〜17:30",https://www.pronto.co.jp/shop/detail?shopid=0X00183385,FALSE,FALSE,FALSE,FALSE,35.5448579,139.7697378,86席
111,浜松町店 | PRONTO,東京都,港区,芝大門２−４−４富士ビル,大門駅徒歩1分以上,03-3578-1039,"平日：カフェ7:30〜17:30
土曜：カフェ11:00〜17:30",https://www.pronto.co.jp/shop/detail?shopid=0334362406,TRUE,FALSE,TRUE,FALSE,35.6564522,139.7543171,43席
112,浜松町２丁目店 | PRONTO,東京都,港区,浜松町２−６−１,浜松町駅徒歩1分以上,03-6430-3575,平日：カフェ7:00〜17:30,https://www.pronto.co.jp/shop/detail?shopid=0334324650,TRUE,FALSE,TRUE,FALSE,35.654502,139.7553101,37席
113,晴海トリトン店 | PRONTO,東京都,中央区,晴海1-8-16晴海トリトン1F,勝どき駅徒歩6分以上,03-3532-2641,"平日：カフェ7:00〜17:30
土曜：カフェ11:00〜21:00
日曜：カフェ11:00〜21:00
祝日：カフェ11:00〜21:00",https://www.pronto.co.jp/shop/detail?shopid=0X00302034,TRUE,FALSE,TRUE,FALSE,35.657554,139.782099,69席
114,東上野店 | PRONTO,東京都,台東区,東上野２−２１−１１上野タ−ミナルホテル,上野駅徒歩3分以上,03-3831-2482,"平日：カフェ7:00〜17:30
土曜：カフェ7:00〜18:00
日曜：カフェ8:00〜18:00
祝日：カフェ8:00〜18:00",https://www.pronto.co.jp/shop/detail?shopid=0338312482,FALSE,FALSE,TRUE,FALSE,35.7101433,139.7783791,71席
115,東銀座店 | PRONTO,東京都,中央区,銀座４−１２−１９日章興産ビル１Ｆ−２Ｆ,東銀座駅徒歩3分以内,03-3547-3310,"平日：カフェ7:00〜17:30
土曜：カフェ8:00〜17:30
日曜：カフェ8:00〜17:30
祝日：カフェ8:00〜17:30",https://www.pronto.co.jp/shop/detail?shopid=0335473310Z,TRUE,FALSE,TRUE,FALSE,35.66962,139.767431,140席
116,東日本橋店 | PRONTO,東京都,中央区,東日本橋3-12-14アパホテル東日本橋駅前１F,東日本橋駅徒歩2分以上,03-5643-2880,"平日：カフェ7:00〜17:30
土曜：カフェ7:00〜21:00
日曜：カフェ7:00〜20:00
祝日：カフェ7:00〜20:00",https://www.pronto.co.jp/shop/detail?shopid=PR00000259,FALSE,TRUE,TRUE,FALSE,35.6926292,139.7846788,39席
117,深川ギャザリア店 | PRONTO,東京都,江東区,木場1-5-10深川ギャザリアプラザ棟１F,門前仲町駅徒歩14分以上,03-6458-6381,"平日：カフェ7:00〜17:30
土曜：カフェ8:00〜17:30",https://www.pronto.co.jp/shop/detail?shopid=0000000275,TRUE,FALSE,TRUE,FALSE,35.6673626,139.8040097,67席
118,フレッサイン日本橋店 | PRONTO,東京都,中央区,日本橋茅場町１−３ホテルフレッサイン１階,茅場町駅徒歩1分以上,03-3661-1155,"平日：カフェ6:30〜17:30
土曜：カフェ6:30〜10:00
日曜：カフェ6:30〜10:00
祝日：カフェ6:30〜10:00",https://www.pronto.co.jp/shop/detail?shopid=0336611155,FALSE,FALSE,TRUE,FALSE,35.6807706,139.7799554,28席
119,ホテルメッツ田端店 | PRONTO,東京都,北区,東田端1−17−20,田端駅徒歩2分以上,03-5855-7885,"平日：カフェ6:30〜17:30
土曜：カフェ6:30〜17:30
日曜：カフェ6:30〜17:30
祝日：カフェ6:30〜17:30",https://www.pronto.co.jp/shop/detail?shopid=0X00299815,TRUE,FALSE,TRUE,FALSE,35.738984,139.7619847,54席
120,PRONTOMAGNETbySHIBUYA109店 | PRONTO,東京都,渋谷区,神南1−23−10B2,渋谷駅徒歩4分以上,03-3477-8021,"平日：カフェ9:30〜17:30
土曜：カフェ9:30〜17:30
日曜：カフェ9:30〜17:30
祝日：カフェ9:30〜17:30",https://www.pronto.co.jp/shop/detail?shopid=PR00000256,FALSE,FALSE,TRUE,FALSE,35.660008,139.7008787,71席
121,町田マルイ店 | PRONTO,東京都,町田市,田市原町田6−1−6,町田駅徒歩1分以上,042-710-7120,"平日：カフェ7:00〜17:30
土曜：カフェ7:00〜17:30
日曜：カフェ7:00〜17:30
祝日：カフェ7:00〜17:30",https://www.pronto.co.jp/shop/detail?shopid=PR00000253,FALSE,TRUE,TRUE,FALSE,#N/A,#N/A,56席
122,南池袋店 | PRONTO,東京都,豊島区,南池袋1-23-2,池袋駅徒歩4分以上,03-5957-5090,"平日：カフェ7:00〜18:00
土曜：カフェ8:00〜18:00
日曜：カフェ8:00〜18:00
祝日：カフェ8:00〜18:00",https://www.pronto.co.jp/shop/detail?shopid=0X00164092,FALSE,FALSE,TRUE,FALSE,35.7288562,139.7123913,55席
123,PRONTO目白店 | PRONTO,東京都,豊島区,目白2-39-1TRAD目白1F,目白駅徒歩2分以上,03-5985-2145,"平日：カフェ8:00〜18:00
土曜：カフェ8:00〜18:00",https://www.pronto.co.jp/shop/detail?shopid=PR00009902,FALSE,FALSE,TRUE,FALSE,35.7216456,139.707331,45席
124,八重洲柳通り店 | PRONTO,東京都,中央区,八重洲２−４−１０第一幸田ビル１Ｆ,京橋駅徒歩2分以上,03-6202-0571,"平日：カフェ7:00〜17:30
土曜：カフェ9:30〜17:30
日曜：カフェ9:30〜17:30
祝日：カフェ9:30〜17:30",https://www.pronto.co.jp/shop/detail?shopid=0362020571,TRUE,TRUE,TRUE,FALSE,35.6782524,139.7693013,51席
125,有楽町店 | PRONTO,東京都,千代田区,有楽町２−９−１８,有楽町駅徒歩2分以上,03-3216-2012,"平日：カフェ7:00〜17:30
土曜：カフェ8:00〜17:30
日曜：カフェ8:00〜17:30
祝日：カフェ8:00〜17:30",https://www.pronto.co.jp/shop/detail?shopid=0332162012,FALSE,FALSE,TRUE,FALSE,35.6748942,139.7634229,67席
126,有楽町電気ビル店 | PRONTO,東京都,千代田区,有楽町１−７−１有楽町電気ビル,日比谷駅徒歩2分以上,03-3215-6697,"平日：カフェ7:00〜17:00
土曜：カフェ8:30〜17:00
日曜：カフェ10:00〜17:00
祝日：カフェ10:00〜17:00",https://www.pronto.co.jp/shop/detail?shopid=0332156697,TRUE,FALSE,TRUE,FALSE,35.6744136,139.7612341,63席
127,読売八重洲ビル店 | PRONTO,東京都,中央区,京橋２−８−７読売八重洲ビル１Ｆ,京橋駅徒歩2分以上,03-5159-7065,平日：カフェ8:00〜19:00,https://www.pronto.co.jp/shop/detail?shopid=0351597065,TRUE,FALSE,FALSE,FALSE,35.6771062,139.7716776,40席
128,代々木店 | PRONTO,東京都,渋谷区,代々木１−３８−１タムラビル,代々木駅徒歩1分以上,03-5351-2630,"平日：カフェ 7:00～17:30
土曜：カフェ 7:00～17:30
日曜：カフェ 7:30～17:30
祝日：カフェ 7:30～17:30",https://www.pronto.co.jp/shop/detail?shopid=0353512630,TRUE,FALSE,TRUE,FALSE,35.6833931,139.7013286,93席
129,ライブラリーショップ＆カフェ日比谷 | PRONTO,東京都,千代田区,日比谷公園1−41F,内幸町駅徒歩3分以上,03-3502-3347,"平日：カフェ10:00〜19:00
土曜：カフェ10:00〜17:00
日曜：カフェ10:00〜17:00
祝日：カフェ10:00〜17:00",https://www.pronto.co.jp/shop/detail?shopid=S000004660,FALSE,FALSE,FALSE,FALSE,35.671414,139.7556467,65席
130,ライブラリーダイニング 日比谷店 | PRONTO,東京都,千代田区,日比谷公園１−４Ｂ１Ｆ,日比谷駅徒歩4分以上,03-3502-3346,"平日：カフェ11:00〜18:00
土曜：カフェ11:00〜19:00
日曜：カフェ11:00〜17:00
祝日：カフェ11:00〜17:00",https://www.pronto.co.jp/shop/detail?shopid=0X00252498,FALSE,FALSE,FALSE,FALSE,35.6745022,139.7563931,74席
131,ワンザ有明店 | PRONTO,東京都,江東区,有明３−６−１１ＴＦＴビル東館２Ｆ,国際展示場正門駅徒歩1分以上,03-5530-5755,"平日：カフェ7:30〜17:30
土曜：カフェ7:30〜17:30
日曜：カフェ7:30〜17:30
祝日：カフェ7:30〜17:30",https://www.pronto.co.jp/shop/detail?shopid=0355305755,FALSE,FALSE,TRUE,FALSE,35.6309521,139.7904891,81席
132,CIAL桜木町店 | PRONTO,神奈川県,横浜市,中区桜木町1-1-84,桜木町駅徒歩1分以上,045-227-1305,"平日：カフェ7:00〜17:30
土曜：カフェ7:00〜17:30
日曜：カフェ7:00〜17:30
祝日：カフェ7:00〜17:30",https://www.pronto.co.jp/shop/detail?shopid=PR00000258,FALSE,TRUE,TRUE,FALSE,35.4502431,139.6315035,58席
133,アトレ川崎店 | PRONTO,神奈川県,川崎市,川崎区駅前本町26-1アトレ川崎3階,川崎駅徒歩3分以内,044-233-9610,"平日：カフェ7:00〜17:30
土曜：カフェ7:00〜17:30
日曜：カフェ7:00〜17:30
祝日：カフェ7:00〜17:30",https://www.pronto.co.jp/shop/detail?shopid=PR00000068,FALSE,FALSE,TRUE,FALSE,35.5316275,139.6972151,86席
134,エクセル伊勢佐木モール店 | PRONTO,神奈川県,横浜市,中区伊勢佐木町１−７−１エクセル伊勢佐木１Ｆ,関内駅徒歩4分以上,045-232-8615,"平日：カフェ9:00〜17:30
土曜：カフェ9:00〜17:30
日曜：カフェ9:00〜17:30
祝日：カフェ9:00〜17:30",https://www.pronto.co.jp/shop/detail?shopid=0452328615,TRUE,FALSE,TRUE,FALSE,35.444583,139.632429,73席
135,ＭＭパークビル店 | PRONTO,神奈川県,横浜市,西区みなとみらい３−６ＭＭパークビル１Ｆ,みなとみらい駅徒歩2分以上,045-228-2186,"平日：カフェ7:00〜17:30
土曜：カフェ8:00〜17:30
日曜：カフェ9:00〜17:30
祝日：カフェ9:00〜17:30",https://www.pronto.co.jp/shop/detail?shopid=0X00082905,TRUE,FALSE,TRUE,FALSE,35.4585635,139.6326171,50席
136,小田急相模大野 | PRONTO,神奈川県,相模原市,南区相模大野3-8-1,相模大野駅徒歩3分以内,042-767-1071,"平日：カフェ7:00〜17:30
土曜：カフェ7:00〜17:30
日曜：カフェ7:00〜17:30
祝日：カフェ7:00〜17:30",https://www.pronto.co.jp/shop/detail?shopid=0X00299023,TRUE,TRUE,TRUE,FALSE,35.5312888,139.437047,42席
137,小田原トザンイースト店 | PRONTO,神奈川県,小田原市,栄町2-1-2,小田原駅徒歩2分以上,0465-24-3655,"平日：カフェ7:00〜17:30
土曜：カフェ7:00〜18:00
日曜：カフェ7:00〜18:00
祝日：カフェ7:00〜18:00",https://www.pronto.co.jp/shop/detail?shopid=PR00000265,TRUE,TRUE,TRUE,FALSE,35.2557845,139.1569761,73席
138,新百合丘OPA店 | PRONTO,神奈川県,川崎市,麻生区上麻生1−1−1OPA新百合丘B1F,新百合ヶ丘駅駅徒歩3分以内,044-959-1266,"平日：カフェ7:00〜17:30
土曜：カフェ8:00〜17:30
日曜：カフェ8:00〜17:30
祝日：カフェ8:00〜17:30",https://www.pronto.co.jp/shop/detail?shopid=0X00163585,FALSE,FALSE,TRUE,FALSE,35.6035776,139.5082244,112席
139,新横浜駅店 | PRONTO,神奈川県,横浜市,港北区篠原町2937キュービックプラザ新横浜1階,新横浜駅徒歩1分以上,045-471-7310,"平日：カフェ7:00〜17:30
土曜：カフェ7:00〜17:30
日曜：カフェ7:00〜17:30
祝日：カフェ7:00〜17:30",https://www.pronto.co.jp/shop/detail?shopid=0X00248706,FALSE,TRUE,TRUE,FALSE,35.5081054,139.6185338,65席
140,TerraceMall湘南店 | PRONTO,神奈川県,藤沢市,辻堂神台1-3-1テラスモール湘南1階,辻堂駅徒歩2分以上,0466-38-1844,"平日：カフェ7:00〜17:30
土曜：カフェ7:00〜17:30
日曜：カフェ7:00〜17:30
祝日：カフェ7:00〜17:30",https://www.pronto.co.jp/shop/detail?shopid=0X00238207,FALSE,FALSE,TRUE,FALSE,35.3382315,139.4463897,82席
141,PRONTOFOOD＆TIMEISETANYOKOHAMA | PRONTO,神奈川県,横浜市,西区南幸1-5-1ジョイナス地下1階,横浜駅徒歩4分以上,045-548-8739,"平日：カフェ7:30〜17:30
土曜：カフェ7:30〜17:30",https://www.pronto.co.jp/shop/detail?shopid=PR00000274,TRUE,FALSE,TRUE,FALSE,35.4654964,139.6208152,123席
142,みなとみらい店 | PRONTO,神奈川県,横浜市,西区みなとみらい２丁目グランモ−ル公園内クロスパティオ,みなとみらい駅徒歩2分以上,045-223-2628,"平日：カフェ7:00〜18:00
土曜：カフェ10:00〜17:00
日曜：カフェ10:00〜17:00
祝日：カフェ10:00〜17:00",https://www.pronto.co.jp/shop/detail?shopid=0452232628,FALSE,FALSE,TRUE,FALSE,35.4560285,139.6323505,
143,横須賀店 | PRONTO,神奈川県,横須賀市,若松町２−２５,横須賀中央駅徒歩3分以内,0468-27-8701,"平日：カフェ7:00〜17:30
土曜：カフェ7:00〜17:30
日曜：カフェ7:00〜17:30
祝日：カフェ7:00〜17:30",https://www.pronto.co.jp/shop/detail?shopid=0468278701,TRUE,FALSE,TRUE,FALSE,35.2785914,139.67052,69席
144,横浜京急EXイン店 | PRONTO,神奈川県,横浜市,神奈川区金港町５番７号,横浜駅徒歩2分以上,045-444-0440,"平日：カフェ6:30〜17:30
土曜：カフェ7:00〜17:30
日曜：カフェ7:00〜17:30
祝日：カフェ7:00〜17:30",https://www.pronto.co.jp/shop/detail?shopid=0X00177554,TRUE,FALSE,TRUE,FALSE,35.4677521,139.6246174,62席
145,横浜店 | PRONTO,神奈川県,横浜市,西区高島２−１６地下街ポルタ内,横浜駅徒歩4分以上,045-453-2626,"平日：カフェ7:00〜17:00
土曜：カフェ7:00〜17:00
日曜：カフェ7:00〜17:00
祝日：カフェ7:00〜17:00",https://www.pronto.co.jp/shop/detail?shopid=0X00302102,FALSE,TRUE,TRUE,FALSE,35.4652093,139.6236248,99席
146,横浜西口北幸店 | PRONTO,神奈川県,横浜市,西区北幸１−７−６日土地横浜西口第１ビルＢ１,横浜駅徒歩4分以上,045-328-3170,"平日：カフェ7:30〜17:30
土曜：カフェ9:00〜17:30
日曜：カフェ9:00〜17:30
祝日：カフェ9:00〜17:30",https://www.pronto.co.jp/shop/detail?shopid=0X00092533,FALSE,TRUE,TRUE,FALSE,35.4662294,139.6194301,41席
147,横浜三井ビル店 | PRONTO,神奈川県,横浜市,西区高島1-1-2,新高島駅徒歩2分以上,045-227-8707,"平日：カフェ7:00〜17:00
土曜：カフェ11:00〜18:00
日曜：カフェ11:00〜18:00
祝日：カフェ11:00〜18:00",https://www.pronto.co.jp/shop/detail?shopid=0X00263640,FALSE,TRUE,TRUE,FALSE,35.4631332,139.624923,66席
148,CoCoLo長岡店 | PRONTO,新潟県,長岡市,城内町1−611−1CoCoLo長岡1F,長岡駅徒歩2分以上,025-832-7970,"平日：カフェ7:00〜17:30
土曜：カフェ7:00〜17:30
日曜：カフェ7:00〜17:30
祝日：カフェ7:00〜17:30",https://www.pronto.co.jp/shop/detail?shopid=PR00002502,TRUE,FALSE,FALSE,FALSE,37.4463438,138.8529065,76席
149,新潟駅店 | PRONTO,新潟県,新潟市,中央区花園１−１−１ＪＲ新潟駅ビルＣｏｃｏＬｏ東,新潟駅徒歩3分以内,025-240-6125,"平日：カフェ7:30〜18:00
土曜：カフェ7:30〜18:00
日曜：カフェ8:00〜18:00
祝日：カフェ8:00〜18:00",https://www.pronto.co.jp/shop/detail?shopid=0252406125,FALSE,FALSE,TRUE,FALSE,37.9122701,139.0625284,72席
150,マリエとやま店 | PRONTO,富山県,富山市,桜町1-1-61マリエとやま1階,電鉄富山駅徒歩3分以内,076-444-0801,"平日：カフェ7:00〜17:30
土曜：カフェ7:00〜17:30
日曜：カフェ8:00〜17:30
祝日：カフェ8:00〜17:30",https://www.pronto.co.jp/shop/detail?shopid=PR00004039,TRUE,FALSE,TRUE,FALSE,36.7006543,137.2138262,69席
151,小松駅前店 | PRONTO,石川県,小松市,土居原町10-10KomatsuA×ZSquare,小松駅徒歩3分以内,0761-21-8122,全日カフェ：8:30〜17:30,https://www.pronto.co.jp/shop/detail?shopid=PR00004041,TRUE,FALSE,TRUE,FALSE,36.4027338,136.4523531,100席
152,福井駅前店 | PRONTO,福井県,福井市,中央1−2−1ハピリン1階,福井駅前駅徒歩1分以上,0776-21-8163,"平日：カフェ7:00〜17:30
土曜：カフェ7:00〜17:30",https://www.pronto.co.jp/shop/detail?shopid=PR00004035,TRUE,TRUE,TRUE,FALSE,36.0612609,136.2217812,85席
153,名鉄岐阜駅店 | PRONTO,岐阜県,岐阜市,神田町９−１−１,名鉄岐阜駅徒歩3分以内,058-269-6511,"平日：カフェ7:00〜17:30
土曜：カフェ7:00〜17:30
日曜：カフェ8:00〜17:30
祝日：カフェ8:00〜17:30",https://www.pronto.co.jp/shop/detail?shopid=0582696511,TRUE,FALSE,TRUE,FALSE,35.4118081,136.7598013,114席
154,アスティ草薙店 | PRONTO,静岡県,静岡市,清水区草薙1-3-2アスティ草薙1F,草薙駅徒歩2分以上,054-349-1009,"平日：カフェ7:00〜17:30
土曜：カフェ7:00〜17:30
日曜：カフェ7:00〜17:30
祝日：カフェ7:00〜17:30",https://www.pronto.co.jp/shop/detail?shopid=PR30030000,TRUE,FALSE,FALSE,FALSE,35.0028209,138.44211,60席
155,静岡駅北口店 | PRONTO,静岡県,静岡市,葵区御幸町１１−６,静岡駅徒歩2分以上,054-252-2101,"平日：カフェ7:00〜17:30
土曜：カフェ7:00〜17:30
日曜：カフェ7:00〜17:30
祝日：カフェ7:00〜17:30",https://www.pronto.co.jp/shop/detail?shopid=0X00086622,FALSE,FALSE,TRUE,FALSE,34.9734845,138.3896007,30席
156,浜松ＵＰ−ＯＮ店 | PRONTO,静岡県,浜松市,中区砂山町３２０−２,新浜松駅徒歩1分以上,053-457-5851,"平日：カフェ7:00〜18:00
土曜：カフェ7:00〜18:00
日曜：カフェ7:00〜18:00
祝日：カフェ7:00〜18:00",https://www.pronto.co.jp/shop/detail?shopid=0534575851,TRUE,FALSE,TRUE,FALSE,34.7038797,137.7331896,64席
157,尾張一宮駅店 | PRONTO,愛知県,一宮市,栄３−１−１,名鉄一宮駅徒歩3分以内,0586-28-0075,"平日：カフェ7:00〜17:30
土曜：カフェ7:00〜17:30
日曜：カフェ7:00〜17:30
祝日：カフェ7:00〜17:30",https://www.pronto.co.jp/shop/detail?shopid=0X00284919,TRUE,FALSE,TRUE,FALSE,35.3028621,136.7971778,74席
158,JRゲートタワー店 | PRONTO,愛知県,名古屋市,中村区名駅1-1-3JRゲートタワー地下1階,名古屋駅徒歩2分以上,052-589-8618,"平日：カフェ7:00〜17:30
土曜：カフェ7:00〜17:30",https://www.pronto.co.jp/shop/detail?shopid=PR00004038,TRUE,FALSE,TRUE,FALSE,35.1722393,136.8823772,137席
159,中部国際空港店 | PRONTO,愛知県,常滑市,セントレア１丁目１,中部国際空港駅徒歩9分以上,0569-38-7717,"平日：カフェ7:00〜17:30
土曜：カフェ7:00〜17:30
日曜：カフェ7:00〜17:30
祝日：カフェ7:00〜17:30",https://www.pronto.co.jp/shop/detail?shopid=0X00253516,TRUE,FALSE,TRUE,FALSE,34.8660589,136.8124491,67席
160,豊田コモ・スクエア店 | PRONTO,愛知県,豊田市,喜多町２丁目１６０番地コモ・スクエア・ウエスト１Ｆ,豊田市駅徒歩3分以上,0565-33-3311,"平日：カフェ7:00〜17:30
土曜：カフェ7:00〜17:30
日曜：カフェ7:00〜18:00
祝日：カフェ7:00〜17:30",https://www.pronto.co.jp/shop/detail?shopid=0565333311,TRUE,TRUE,FALSE,FALSE,35.0863136,137.1585024,67席
161,豊橋駅店 | PRONTO,愛知県,豊橋市,花田町西宿無番地豊橋駅改札内,豊橋駅徒歩3分以内,0532-57-2620,"平日：カフェ7:00〜17:30
土曜：カフェ7:00〜17:30
日曜：カフェ7:00〜17:30
祝日：カフェ7:00〜17:30",https://www.pronto.co.jp/shop/detail?shopid=PR00004033,TRUE,FALSE,TRUE,FALSE,34.7627301,137.3821114,56席
162,名古屋ビルディング店 | PRONTO,愛知県,名古屋市,中村区名駅四丁目６番１７号名古屋ビルディングＢ１Ｆ,名古屋駅徒歩1分以上,052-533-3857,"平日：カフェ7:00〜17:30
土曜：カフェ7:00〜17:30
日曜：カフェ7:00〜17:30
祝日：カフェ7:00〜17:30",https://www.pronto.co.jp/shop/detail?shopid=0525333857,TRUE,TRUE,TRUE,FALSE,35.1711794,136.8850791,66席
163,名古屋丸の内店 | PRONTO,愛知県,名古屋市,中区丸ノ内2-20-19東京海上日動ビル1F,丸の内駅徒歩5分以上,052-209-5112,"平日：カフェ7:00〜17:30
土曜：カフェ8:00〜18:00",https://www.pronto.co.jp/shop/detail?shopid=PR00000292,TRUE,FALSE,TRUE,FALSE,35.1738918,136.9012459,85席
164,名鉄レジャック店 | PRONTO,愛知県,名古屋市,中村区名駅南1-25-2,近鉄名古屋駅徒歩3分以上,052-581-9161,"平日：カフェ7:00〜18:00
土曜：カフェ7:00〜18:00
日曜：カフェ7:00〜18:00
祝日：カフェ7:00〜18:00",https://www.pronto.co.jp/shop/detail?shopid=0X00319368,TRUE,TRUE,TRUE,FALSE,35.1672337,136.8848141,77席
165,四条烏丸店byJEUGIA | PRONTO,京都,府京都市,下京区四条通東洞院長刀鉾町33番地京都フコク生命四条烏丸ビル,烏丸駅徒歩2分以上,075-221-2542,"平日：カフェ7:30〜17:30
土曜：カフェ7:30〜17:30
日曜：カフェ7:30〜17:30
祝日：カフェ7:30〜17:30",https://www.pronto.co.jp/shop/detail?shopid=PR00004032,TRUE,TRUE,FALSE,FALSE,35.0038395,135.7609778,81席
166,BEERTERIA 大阪堂島店 | PRONTO,大阪府,大阪市,北区堂島浜2−1−40サントリービル１F,北新地駅徒歩5分以上,06-6344-0030,"平日：カフェ 7:00～17:30
土曜：カフェ 8:00～17:30
日曜：カフェ 9:00～18:00
祝日：カフェ 9:00～18:00",https://www.pronto.co.jp/shop/detail?shopid=PR00009528,TRUE,FALSE,TRUE,FALSE,34.695179,135.4953658,106席
167,安土町店 | PRONTO,大阪府,大阪市,中央区安土町３−３−５,本町駅徒歩4分以上,06-6125-1070,"平日：カフェ 7:00～17:30
土曜：カフェ 8:00～17:30
日曜：カフェ 10:00～18:00
祝日：カフェ 10:00～18:00",https://www.pronto.co.jp/shop/detail?shopid=0661251070,TRUE,FALSE,TRUE,FALSE,34.6842832,135.5017293,101席
168,あべの橋駅店 | PRONTO,大阪府,大阪市,阿倍野区阿倍野筋1-1-43,大阪阿部野橋駅徒歩3分以内,06-6623-2700,"平日：カフェ7:00〜17:30
土曜：カフェ7:00〜17:30
日曜：カフェ7:00〜17:30
祝日：カフェ7:00〜17:30",https://www.pronto.co.jp/shop/detail?shopid=0666232700,FALSE,FALSE,TRUE,FALSE,34.6457738,135.5142432,89席
169,梅田楽天地ビル店 | PRONTO,大阪府,大阪市,北区角田町５番１号梅田楽天地ビル１Ｆ,東梅田駅徒歩3分以上,06-6131-0205,"平日：カフェ7:00〜18:00
土曜：カフェ7:00〜18:00
日曜：カフェ7:00〜18:00
祝日：カフェ7:00〜18:00",https://www.pronto.co.jp/shop/detail?shopid=0661310205,TRUE,FALSE,TRUE,FALSE,34.7038543,135.5005575,79席
170,ＯＢＰ店 | PRONTO,大阪府,大阪市,中央区城見２−１−６１ツイン２１１Ｆ,大阪ビジネスパーク駅徒歩3分以上,06-4794-2022,"平日：カフェ 7:00～18:00
土曜：カフェ 7:00～18:00
日曜：カフェ 7:00～18:00
祝日：カフェ 7:00～18:00",https://www.pronto.co.jp/shop/detail?shopid=0647942022,TRUE,FALSE,FALSE,FALSE,34.6931811,135.5317345,142席
171,関西国際空港エアサイド店 | PRONTO,大阪府,泉南郡,田尻町泉州空港中1番地関西国際空港ターミナルビル３F,関西空港駅徒歩2分以上,072-456-6525,"平日：カフェ7:00〜24:00
土曜：カフェ7:00〜24:00
日曜：カフェ7:00〜24:00
祝日：カフェ7:00〜24:00",https://www.pronto.co.jp/shop/detail?shopid=0X00157612,FALSE,FALSE,TRUE,FALSE,34.4345802,135.2439329,79席
172,関西国際空港ＬＣＣターミナル店 | PRONTO,大阪府,泉南郡,田尻町泉州空港中１３番ＬＣＣターミナル内,関西空港駅徒歩17分以上,072-456-8585,"平日：カフェ6:00〜17:00
土曜：カフェ6:00〜17:00
日曜：カフェ6:00〜17:00
祝日：カフェ6:00〜17:00",https://www.pronto.co.jp/shop/detail?shopid=0X00284002,FALSE,FALSE,FALSE,FALSE,34.437738,135.2309221,29席
173,新梅田食道街店 | PRONTO,大阪府,大阪市,北区角田町９−１７新梅田食道街内,東梅田駅徒歩3分以上,06-6130-9880,"平日：カフェ7:00〜17:30
土曜：カフェ7:00〜17:30
日曜：カフェ7:00〜17:30
祝日：カフェ7:00〜17:30",https://www.pronto.co.jp/shop/detail?shopid=0661309880,FALSE,FALSE,TRUE,FALSE,34.7036423,135.4979467,96席
174,阪急かっぱ横丁店 | PRONTO,大阪府,大阪市,北区芝田1-6-2阪急かっぱ横町１F,梅田駅徒歩3分以内,06-6377-8886,"平日：カフェ7:00〜18:00
土曜：カフェ8:00〜18:00",https://www.pronto.co.jp/shop/detail?shopid=PR00004031,TRUE,FALSE,TRUE,FALSE,34.7070322,135.4979172,48席
175,東梅田店 | PRONTO,大阪府,大阪市,北区曽根崎2-12-4コフレ梅田B1、B2,東梅田駅徒歩1分以上,06-6131-0703,"平日：カフェ7:00〜17:30
土曜：カフェ7:00〜17:30
日曜：カフェ7:00〜17:30
祝日：カフェ7:00〜17:30",https://www.pronto.co.jp/shop/detail?shopid=0X00239652,TRUE,FALSE,TRUE,FALSE,34.7009513,135.4998862,74席
176,東本町店 | PRONTO,大阪府,大阪市,中央区久太郎町１−９−２９東本町ビル,堺筋本町駅徒歩1分以上,06-6260-0982,"平日：カフェ7:30〜17:30
土曜：カフェ8:00〜17:30",https://www.pronto.co.jp/shop/detail?shopid=PR00004005,FALSE,FALSE,TRUE,FALSE,34.6813756,135.5072412,87席
177,平野町店 | PRONTO,大阪府,大阪市,中央区平野町３−４−１４大阪ＴＫビル,淀屋橋駅徒歩7分以上,06-6202-0023,"平日：カフェ7:00〜17:30
土曜：カフェ8:00〜17:30",https://www.pronto.co.jp/shop/detail?shopid=0662020023Z,FALSE,FALSE,TRUE,FALSE,34.6879282,135.5018831,65席
178,ピーコックストア千里中央店 | PRONTO,大阪府,豊中市,新千里東町１−１−１,千里中央駅徒歩4分以上,06-6155-1001,"平日：カフェ7:30〜18:00
土曜：カフェ7:30〜18:00
日曜：カフェ7:30〜18:00
祝日：カフェ7:30〜18:00",https://www.pronto.co.jp/shop/detail?shopid=0661551001,FALSE,FALSE,TRUE,FALSE,34.8098211,135.4940393,80席
179,ホテル・パークサイド江坂店 | PRONTO,大阪府,吹田市,江坂町１−１３−２８,江坂駅徒歩2分以上,06-6190-3480,"土曜：カフェ7:00〜17:30
日曜：カフェ7:00〜18:00
祝日：カフェ7:00〜18:00",https://www.pronto.co.jp/shop/detail?shopid=0661903480,FALSE,FALSE,TRUE,FALSE,34.7599909,135.4976173,56席
180,本町店 | PRONTO,大阪府,大阪市,中央区船場中央４−１−１０船場センタ−ビルＢ２０１,本町駅徒歩3分以内,06-4704-8670,"平日：カフェ7:00〜17:30
土曜：カフェ8:00〜17:30",https://www.pronto.co.jp/shop/detail?shopid=0662518400,TRUE,FALSE,TRUE,FALSE,34.681886,135.499566,49席
181,甲南大学店 | PRONTO,兵庫県,神戸市,東灘区岡本9-25甲南大学インフィニティコモンズ内,岡本駅徒歩11分以上,078-200-5705,"平日：カフェ8:00〜18:00
土曜：カフェ9:00〜14:00",https://www.pronto.co.jp/shop/detail?shopid=PR00004040,FALSE,FALSE,FALSE,FALSE,34.729246,135.267135,67席
182,姫路駅店 | PRONTO,兵庫県,姫路市,豆腐町222ピオレおみやげ館内,姫路駅徒歩3分以内,079-288-9064,"平日：カフェ7:00〜17:30
土曜：カフェ7:00〜17:30
日曜：カフェ7:00〜17:30
祝日：カフェ7:00〜17:30",https://www.pronto.co.jp/shop/detail?shopid=PRT00004029,FALSE,FALSE,TRUE,FALSE,34.8264659,134.6903433,45席
183,PRONTOアミュプラザ博多店 | PRONTO,福岡県,福岡市,博多区博多駅中央街1-1JR博多シティアミュプラザ博多B1F,博多駅徒歩1分以上,092-432-7373,"平日：カフェ7:00〜17:30
土曜：カフェ7:00〜17:30
日曜：カフェ8:00〜17:30
祝日：カフェ8:00〜17:30",https://www.pronto.co.jp/shop/detail?shopid=0X00249805,TRUE,FALSE,TRUE,FALSE,33.589781,130.419608,56席
184,キャナルシティ博多店 | PRONTO,福岡県,福岡市,博多区住吉１−２−２２,祗園駅徒歩8分以上,092-263-2505,"平日：カフェ7:30〜17:30
土曜：カフェ7:30〜17:30
日曜：カフェ7:30〜17:30
祝日：カフェ7:30〜17:30",https://www.pronto.co.jp/shop/detail?shopid=0922632505Z,FALSE,TRUE,TRUE,FALSE,33.5897604,130.4112286,
185,コートホテル博多駅前店 | PRONTO,福岡県,福岡市,博多区博多駅前3-30-25,祗園駅徒歩6分以上,092-413-1423,"平日：カフェ6:30〜17:30
土曜：カフェ6:30〜18:00",https://www.pronto.co.jp/shop/detail?shopid=PR00008015,FALSE,FALSE,TRUE,FALSE,33.5899216,130.4134896,45席
186,小倉魚町店 | PRONTO,福岡県,北九州市,小倉北区魚町２−２−５,平和通駅徒歩2分以上,093-551-5050,"平日：カフェ7:30〜18:00
土曜：カフェ8:00〜18:00
日曜：カフェ8:00〜19:00
祝日：カフェ8:00〜19:00",https://www.pronto.co.jp/shop/detail?shopid=0935515050Z,TRUE,TRUE,TRUE,FALSE,33.8837176,130.8797297,86席
187,新幹線博多駅店 | PRONTO,福岡県,福岡市,博多区博多駅中央街１番１号新幹線博多駅２Ｆ東改札前,博多駅徒歩1分以上,092-411-9221,"平日：カフェ7:00〜17:30
土曜：カフェ7:00〜17:30
日曜：カフェ7:00〜17:30
祝日：カフェ7:00〜17:30",https://www.pronto.co.jp/shop/detail?shopid=0X00142424,FALSE,FALSE,TRUE,FALSE,33.5905706,130.4199367,85席
188,博多駅筑紫口店 | PRONTO,福岡県,福岡市,博多区博多駅東１−１３−１ダンガミ㈼,天神駅徒歩20分以上,092-432-3858,"平日：カフェ 7:00～17:30
土曜：カフェ 8:00～18:00
日曜：カフェ 8:00～18:00
祝日：カフェ 8:00～18:00",https://www.pronto.co.jp/shop/detail?shopid=0924323858Z,TRUE,FALSE,TRUE,FALSE,33.603581,130.39326,76席
189,博多祗園Ｍ−ＳＱＵＡＲＥ店 | PRONTO,福岡県,福岡市,博多区冷泉町２−１博多祗園Ｍ−ＳＱＵＡＲＥ１Ｆ,祗園駅徒歩2分以上,092-283-8558,平日：カフェ7:00〜17:00,https://www.pronto.co.jp/shop/detail?shopid=0X00139682,TRUE,FALSE,FALSE,FALSE,33.5937517,130.412459,56席
190,博多グリーンホテル天神店 | PRONTO,福岡県,福岡市,中央区大名2-9-11,赤坂駅徒歩3分以上,092-688-9008,"平日：カフェ7:00〜17:30
土曜：カフェ7:00〜19:00
日曜：カフェ7:00〜19:00
祝日：カフェ7:00〜19:00",https://www.pronto.co.jp/shop/detail?shopid=PR00008014,FALSE,FALSE,TRUE,FALSE,33.5899073,130.3933883,40席
191,福岡赤坂店 | PRONTO,福岡県,福岡市,中央区赤坂１−１２−１５,赤坂駅徒歩1分以上,092-738-2155,"平日：カフェ7:00〜17:30
土曜：カフェ9:00〜18:00
日曜：カフェ9:00〜18:00
祝日：カフェ9:00〜18:00",https://www.pronto.co.jp/shop/detail?shopid=0927382155Z,TRUE,TRUE,TRUE,FALSE,33.5885491,130.389397,62席
192,福岡新天町店 | PRONTO,福岡県,福岡市,中央区天神２−９−２１４,西鉄福岡駅徒歩3分以内,092-771-3430,"平日：カフェ7:30〜17:30
土曜：カフェ8:30〜17:30
日曜：カフェ8:30〜17:30
祝日：カフェ8:30〜17:30",https://www.pronto.co.jp/shop/detail?shopid=0927713430,FALSE,FALSE,TRUE,FALSE,33.5901463,130.3981324,85席
193,福岡天神木村家ビル店 | PRONTO,福岡県,福岡市,中央区天神１−１２−３,天神駅徒歩3分以内,092-739-9035,"平日：カフェ 7:00～17:30
土曜：カフェ 7:00～17:30
日曜：カフェ 9:00～19:00
祝日：カフェ 9:00～19:00",https://www.pronto.co.jp/shop/detail?shopid=0927399035Z,TRUE,TRUE,TRUE,FALSE,33.5917739,130.399624,108席
194,福岡電気ビル北館店 | PRONTO,福岡県,福岡市,中央区渡辺通２丁目１番８２号電気ビル北館１Ｆ,渡辺通駅徒歩3分以内,092-738-5433,"平日：カフェ 7:00～17:30
土曜：カフェ 8:00～17:30
日曜：カフェ 8:00～18:00
祝日：カフェ 8:00～18:00",https://www.pronto.co.jp/shop/detail?shopid=0927385433,TRUE,FALSE,TRUE,FALSE,33.5842607,130.4037893,109席
195,長崎浜町店 | PRONTO,長崎県,長崎市,浜町4-11ハマクロス4111F,観光通駅徒歩3分以内,095-816-0789,"平日：カフェ7:00〜17:30
土曜：カフェ7:00〜17:30
日曜：カフェ7:00〜17:30
祝日：カフェ7:00〜17:30",https://www.pronto.co.jp/shop/detail?shopid=PR00008011,FALSE,FALSE,TRUE,FALSE,32.7440089,129.8779419,84席
196,熊本下通り店 | PRONTO,熊本県,熊本市,中央区新市街6-9,辛島町駅徒歩3分以上,096-245-6339,"平日：カフェ7:30〜17:30
土曜：カフェ8:00〜17:30
日曜：カフェ8:00〜17:30
祝日：カフェ8:00〜17:30",https://www.pronto.co.jp/shop/detail?shopid=PR00008012,FALSE,FALSE,TRUE,FALSE,32.7990924,130.7074413,121席
197,杉乃井ホテル店 | PRONTO,大分県,別府市,観海寺1,東別府駅徒歩34分以上,097-724-4155,"平日：カフェ10:00〜17:30
土曜：カフェ10:00〜17:30
日曜：カフェ10:00〜17:30
祝日：カフェ10:00〜17:30",https://www.pronto.co.jp/shop/detail?shopid=PR00008013,FALSE,FALSE,FALSE,FALSE,33.2793342,131.4739262,85席
198,鹿児島中央駅西口店 | PRONTO,鹿児島県,鹿児島市,武１−１−２ＪＲ九州ホテル鹿児島１階,鹿児島中央駅徒歩1分以上,099-812-1115,"平日：カフェ7:00〜17:30
土曜：カフェ7:00〜17:30
日曜：カフェ7:00〜17:30
祝日：カフェ7:00〜17:30",https://www.pronto.co.jp/shop/detail?shopid=0998121115,FALSE,FALSE,TRUE,FALSE,31.5847086,130.5415227,54席
199,鹿児島マルヤガーデンズ店 | PRONTO,鹿児島県,鹿児島市,呉服町６−５マルヤガーデンズ１F,いづろ通駅徒歩3分以内,099-216-8840,"平日：カフェ7:30〜17:30
土曜：カフェ7:30〜17:30
日曜：カフェ7:30〜17:30
祝日：カフェ7:30〜17:30",https://www.pronto.co.jp/shop/detail?shopid=0X00162687,FALSE,FALSE,TRUE,FALSE,31.5910815,130.5569576,60席
200,PRONTOILBAR 札幌エスタ地下街店 | PRONTO,北海道,札幌市,中央区北５条西２丁目１番地札幌エスタ地下街Ｂ１,さっぽろ駅徒歩2分以上,011-222-2740,"平日：カフェ7:30〜18:00
土曜：カフェ7:30〜18:00
日曜：カフェ7:30〜18:00
祝日：カフェ7:30〜18:00",https://www.pronto.co.jp/shop/detail?shopid=0112222740,TRUE,FALSE,TRUE,FALSE,43.067554,141.3527203,51席
201,PRONTOILBAR 日本生命札幌ビル店 | PRONTO,北海道,札幌市,中央区北3条西4丁目1番地1日本生命札幌ビルＢ１Ｆ,札幌駅徒歩4分以上,011-222-8111,"平日：カフェ7:30〜17:30
土曜：カフェ7:30〜17:30
日曜：カフェ7:30〜17:30
祝日：カフェ7:30〜17:30",https://www.pronto.co.jp/shop/detail?shopid=0X00200832,TRUE,FALSE,TRUE,FALSE,43.0647377,141.3507411,77席
202,PRONTOILBAR 大手町OOTEMORI店 | PRONTO,東京都,千代田区,大手町1-5-5大手町タワーB2F,大手町駅徒歩3分以上,03-5220-2811,"平日：カフェ7:00〜17:30
土曜：カフェ9:00〜17:30",https://www.pronto.co.jp/shop/detail?shopid=PR00000293,TRUE,TRUE,TRUE,FALSE,35.6855152,139.7654308,70席
203,PRONTOILBAR 御茶ノ水ソラシティ店 | PRONTO,東京都,千代田区,神田駿河台4-6-1,新御茶ノ水駅徒歩2分以上,03-5289-7655,"平日：カフェ7:00〜17:30
土曜：カフェ10:00〜17:30
日曜：カフェ10:00〜17:30
祝日：カフェ10:00〜17:30",https://www.pronto.co.jp/shop/detail?shopid=0X00302023,TRUE,TRUE,TRUE,FALSE,35.6986248,139.7667025,93席
204,PRONTOILBAR 霞が関ビル店 | PRONTO,東京都,千代田区,霞が関３丁目２番５号霞が関ビルディング霞ダイニング１Ｆ,虎ノ門駅徒歩4分以上,03-3580-6525,"平日：カフェ7:00〜17:30
土曜：カフェ11:00〜16:00",https://www.pronto.co.jp/shop/detail?shopid=0X00125619,TRUE,FALSE,TRUE,FALSE,35.6706841,139.7466316,65席
205,PRONTOILBAR 神谷町店 | PRONTO,東京都,港区,虎ノ門5-1-5メトロシティ神谷町B1F,神谷町駅徒歩3分以内,03-5777-0208,"平日：カフェ7:30〜17:30
土曜：カフェ9:00〜18:00",https://www.pronto.co.jp/shop/detail?shopid=0X00063467,TRUE,FALSE,TRUE,FALSE,35.6636392,139.7452951,63席
206,PRONTOILBAR 新宿マインズタワー店 | PRONTO,東京都,渋谷区,代々木2-1-1新宿マインズタワーB1F,南新宿駅徒歩4分以上,03-5354-3933,"平日：カフェ7:00〜17:30
土曜：カフェ10:00〜19:00",https://www.pronto.co.jp/shop/detail?shopid=0X00321169,TRUE,TRUE,TRUE,FALSE,35.6865928,139.6989161,83席
207,PRONTOILBAR 新橋烏森口店 | PRONTO,東京都,港区,新橋2-16-1ニュー新橋ビル,新橋駅徒歩4分以上,03-5251-1984,"平日：カフェ9:00〜17:30
土曜：カフェ10:00〜17:30
日曜：カフェ10:00〜17:30
祝日：カフェ10:00〜17:30",https://www.pronto.co.jp/shop/detail?shopid=0X00240656,FALSE,FALSE,TRUE,FALSE,35.6662818,139.7573815,34席
208,PRONTOILBAR 東京国際フォーラム店 | PRONTO,東京都,千代田区,丸の内3-5-1東京国際フォーラムB1F,銀座一丁目駅徒歩2分以上,03-5219-6008,"平日：カフェ7:00〜17:30
土曜：カフェ7:00〜17:30
日曜：カフェ7:00〜17:30
祝日：カフェ7:00〜17:30",https://www.pronto.co.jp/shop/detail?shopid=0X00148848,TRUE,FALSE,TRUE,FALSE,35.6766572,139.7642996,129席
209,PRONTOILBAR ニッセイ池袋ビル店 | PRONTO,東京都,豊島区,東池袋1-24-1,東池袋駅徒歩3分以上,03-5928-0133,"平日：カフェ7:00〜17:30
土曜：カフェ8:00〜17:30
日曜：カフェ10:00〜19:00
祝日：カフェ10:00〜19:00",https://www.pronto.co.jp/shop/detail?shopid=0X00239651,TRUE,TRUE,TRUE,FALSE,35.7286953,139.7154772,62席
210,PRONTOILBAR 八重洲さくら通り店 | PRONTO,東京都,中央区,八重洲1-5-17八重洲香川ビルディング1F,東京駅徒歩7分以上,03-5255-6771,"平日：カフェ6:30〜17:30
土曜：カフェ7:00〜17:30
日曜：カフェ9:00〜17:30
祝日：カフェ9:00〜17:30",https://www.pronto.co.jp/shop/detail?shopid=0X00198202,TRUE,FALSE,TRUE,FALSE,35.6817023,139.7706592,60席
211,PRONTOILBAR UDXアキバ・イチ店 | PRONTO,東京都,千代田区,外神田4-14-1秋葉原UDX2F,末広町駅徒歩4分以上,03-5209-7571,"平日：カフェ7:30〜17:30
土曜：カフェ9:00〜17:30
日曜：カフェ9:00〜17:30
祝日：カフェ9:00〜17:30",https://www.pronto.co.jp/shop/detail?shopid=PR00009503,FALSE,TRUE,TRUE,FALSE,35.7002995,139.7726406,44席
212,PRONTOILBAR マークイズみなとみらい店 | PRONTO,神奈川県,横浜市,西区みなとみらい3-5-1B4F,みなとみらい駅徒歩1分以上,045-680-0166,"平日：カフェ7:30〜17:30
土曜：カフェ9:00〜17:30
日曜：カフェ9:00〜17:30
祝日：カフェ7:00〜17:30",https://www.pronto.co.jp/shop/detail?shopid=0X00309501,FALSE,TRUE,TRUE,FALSE,35.4576978,139.631756,46席
213,PRONTOILBARアスティ岐阜店 | PRONTO,岐阜県,岐阜市,橋本町1-10-12階,岐阜駅徒歩3分以内,058-267-1730,"平日：カフェ7:00〜17:30
土曜：カフェ7:00〜17:30
日曜：カフェ7:00〜17:30
祝日：カフェ7:00〜17:30",https://www.pronto.co.jp/shop/detail?shopid=PR00004030,TRUE,FALSE,TRUE,FALSE,35.4095278,136.7564656,68席
214,PRONTOILBAR あべのハルカス店 | PRONTO,大阪府,大阪市,阿倍野区阿倍野筋1-1-43あべのハルカス17階,大阪阿部野橋駅徒歩3分以内,06-4399-9250,"平日：カフェ7:00〜17:30
土曜：カフェ10:00〜17:30
日曜：カフェ10:00〜18:00
祝日：カフェ10:00〜18:00",https://www.pronto.co.jp/shop/detail?shopid=PRT00004028,FALSE,FALSE,TRUE,FALSE,34.6457766,135.5142488,51席
215,PRONTOILBAR 中之島フェスティバルプラザ店 | PRONTO,大阪府,大阪市,北区中之島２−３−１８フェスティバルプラザＢ１Ｆ,肥後橋駅徒歩2分以上,06-4706-5981,"平日：カフェ7:00〜17:30
土曜：カフェ8:00〜17:30
日曜：カフェ9:00〜17:30
祝日：カフェ9:00〜17:30",https://www.pronto.co.jp/shop/detail?shopid=0X00286287,TRUE,FALSE,TRUE,FALSE,34.693499,135.496381,57席
216,PRONTOILBAR 三宮ミント神戸店 | PRONTO,兵庫県,神戸市,中央区雲井通７−１−１神戸新聞会館Ｂ１Ｆ,三宮駅徒歩3分以内,078-265-1441,"平日：カフェ7:00〜18:00
土曜：カフェ7:00〜18:00
日曜：カフェ7:00〜18:00
祝日：カフェ7:00〜18:00",https://www.pronto.co.jp/shop/detail?shopid=0782651441,TRUE,FALSE,TRUE,FALSE,34.694488,135.196047,51席
217,ILBAR東京駅一番街店 | PRONTO,東京都,千代田区,丸の内１−９,東京駅徒歩3分以上,03-5219-6640,"平日：カフェ7:00〜17:30
土曜：カフェ7:00〜17:30
日曜：カフェ7:00〜17:30
祝日：カフェ7:00〜17:30",https://www.pronto.co.jp/shop/detail?shopid=0352097571,FALSE,FALSE,TRUE,FALSE,35.6803992,139.7671781,41席
218,ILBAR ウィング新橋店 | PRONTO,東京都,港区,新橋２丁目東口地下街１号,新橋駅徒歩2分以上,03-5537-3323,"平日：カフェ7:00〜17:30
土曜：カフェ8:00〜17:30
日曜：カフェ8:00〜17:30
祝日：カフェ8:00〜17:30",https://www.pronto.co.jp/shop/detail?shopid=0X00284908,TRUE,FALSE,TRUE,FALSE,35.6662292,139.7591115,49席
219,ILBAR 田町店 | PRONTO,東京都,港区,芝5-34-6新田町ビル1F,田町駅徒歩1分以上,03-5439-5363,平日：カフェ7:30〜18:00,https://www.pronto.co.jp/shop/detail?shopid=0X00049444,TRUE,FALSE,TRUE,FALSE,35.6460111,139.7466417,10席
220,ILBAR 日本橋店 | PRONTO,東京都,中央区,日本橋1-3-13,三越前駅徒歩6分以上,03-6262-3300,"平日：カフェ7:00〜17:30
土曜：カフェ10:00〜18:00",https://www.pronto.co.jp/shop/detail?shopid=PR00009530,TRUE,TRUE,TRUE,FALSE,35.6830491,139.7732248,44席
221,ILBAR 丸の内オアゾ店 | PRONTO,東京都,千代田区,丸の内１−６−４丸の内オアゾＢ１,東京駅徒歩3分以上,03-5224-3561,"平日：カフェ7:00〜17:30
土曜：カフェ7:30〜17:30
日曜：カフェ9:00〜17:30
祝日：カフェ9:00〜17:30",https://www.pronto.co.jp/shop/detail?shopid=0352243561,TRUE,FALSE,TRUE,FALSE,35.683523,139.7665657,15席
222,ILBAR横浜ジョイナス店 | PRONTO,神奈川県,横浜市,西区南幸1-5-1新相鉄ビル,横浜駅徒歩6分以上,045-534-6417,"平日：カフェ7:00〜17:00
土曜：カフェ7:00〜17:30
日曜：カフェ7:00〜17:30
祝日：カフェ7:00〜17:30",https://www.pronto.co.jp/shop/detail?shopid=PR00009531,FALSE,FALSE,TRUE,FALSE,35.4639622,139.6201513,27席
223,ILBAR アスティ静岡店 | PRONTO,静岡県,静岡市,葵区黒金町47番地アスティ静岡101,静岡駅徒歩3分以内,054-288-1009,"平日：カフェ7:00〜17:00
土曜：カフェ7:00〜17:00
日曜：カフェ7:00〜17:00
祝日：カフェ7:00〜17:00",https://www.pronto.co.jp/shop/detail?shopid=PR00009529,TRUE,FALSE,TRUE,FALSE,34.9713877,138.389021,23席
224,ILBAR 大阪駅店 | PRONTO,大阪府,大阪市,北区梅田３−１−１ＪＲ大阪駅構内御堂筋口改札内,大阪駅徒歩2分以上,06-4798-8166,"平日：カフェ 7:00～18:00
土曜：カフェ 7:00～18:00
日曜：カフェ 7:00～18:00
祝日：カフェ 7:00～18:00",https://www.pronto.co.jp/shop/detail?shopid=0X00110032,FALSE,FALSE,TRUE,FALSE,34.7029327,135.4967322,31席
225,ILBAR 関西国際空港エアロプラザ店 | PRONTO,大阪府,泉佐野市,泉州空港１番エアロプラザ２Ｆ,関西空港駅徒歩2分以上,072-456-8586,"平日：カフェ7:00〜18:00
土曜：カフェ7:00〜18:00
日曜：カフェ7:00〜18:00
祝日：カフェ7:00〜18:00",https://www.pronto.co.jp/shop/detail?shopid=0X00283768,FALSE,FALSE,FALSE,FALSE,34.436522,135.2423834,10席
226,CAFFESOLARE 海浜幕張駅店 | PRONTO,千葉県,千葉市,美浜区ひび野2-110ＪＲ海浜幕張駅構内,海浜幕張駅徒歩3分以内,043-213-2005,"平日：カフェ6:30〜23:00
土曜：カフェ6:30〜23:00
日曜：カフェ6:30〜22:00
祝日：カフェ6:30〜22:00",https://www.pronto.co.jp/shop/detail?shopid=S000004345,FALSE,FALSE,TRUE,FALSE,35.648417,140.041966,63席
227,CAFFESOLARE アリオ亀有店 | PRONTO,東京都,葛飾区,亀有3-49-3アリオ亀有２Ｆ,亀有駅徒歩7分以上,03-3602-6393,"平日：カフェ10:00〜22:00
土曜：カフェ10:00〜22:00
日曜：カフェ10:00〜22:00
祝日：カフェ10:00〜22:00",https://www.pronto.co.jp/shop/detail?shopid=0X00020309,FALSE,FALSE,TRUE,FALSE,35.7644807,139.8526549,
228,CAFFESOLARE 西葛西店 | PRONTO,東京都,江戸川区,西葛西5-1-11ウイングス中川6ビル,西葛西駅徒歩3分以内,03-6808-7802,"平日：カフェ7:00〜22:00
土曜：カフェ7:00〜22:00
日曜：カフェ7:00〜22:00
祝日：カフェ7:00〜22:00",https://www.pronto.co.jp/shop/detail?shopid=0X00295552,FALSE,FALSE,TRUE,FALSE,35.665324,139.859476,66席
229,CAFFESOLARE 原宿竹下通り店 | PRONTO,東京都,渋谷区,神宮前1-19-4原宿玉川ビル１−２Ｆ,原宿駅徒歩1分以上,03-5474-7677,"平日：カフェ9:00〜22:00
土曜：カフェ8:00〜22:00
日曜：カフェ8:00〜22:00
祝日：カフェ8:00〜22:00",https://www.pronto.co.jp/shop/detail?shopid=0354747677,TRUE,FALSE,TRUE,FALSE,35.671398,139.7040621,
230,CAFFESOLARE 府中店 | PRONTO,東京都,府中市,宮町１−５０,府中競馬正門前駅徒歩7分以上,0423-62-7771,"平日：カフェ10:00〜20:00
土曜：カフェ10:00〜20:00
日曜：カフェ10:00〜20:00
祝日：カフェ10:00〜20:00",https://www.pronto.co.jp/shop/detail?shopid=0X00319760,FALSE,FALSE,FALSE,FALSE,35.6718843,139.4805972,
231,CAFFESOLARE イオン厚木店 | PRONTO,神奈川県,厚木市,中町1-5-10厚木ガーデンシティビル２Ｆ,本厚木駅徒歩5分以上,046-221-6010,"平日：カフェ10:00〜21:00
土曜：カフェ10:00〜21:00
日曜：カフェ10:00〜21:00
祝日：カフェ10:00〜21:00",https://www.pronto.co.jp/shop/detail?shopid=S000004661,FALSE,FALSE,TRUE,FALSE,35.4422507,139.3667427,87席
232,CAFFESOLARE ボーノ相模大野店 | PRONTO,神奈川県,相模原市,南区相模大野3-2-1ボーノ相模大野ショッピングセンター4F,相模大野駅徒歩2分以上,042-702-0371,"平日：カフェ10:00〜21:00
土曜：カフェ10:00〜21:00
日曜：カフェ10:00〜21:00
祝日：カフェ10:00〜21:00",https://www.pronto.co.jp/shop/detail?shopid=0X00298346,FALSE,FALSE,TRUE,FALSE,35.531133,139.43513,78席
233,CAFFESOLARE 堺北花田店 | PRONTO,大阪府,堺市,北区東浅香山町４−１−１２イオンモール堺北花田１Ｆ,北花田駅徒歩2分以上,072-240-7066,"平日：カフェ10:00〜22:00
土曜：カフェ10:00〜22:00
日曜：カフェ10:00〜22:00
祝日：カフェ10:00〜22:00",https://www.pronto.co.jp/shop/detail?shopid=S000004657,FALSE,FALSE,TRUE,FALSE,34.5838286,135.515636,55席
234,CAFFESOLARE 心斎橋御堂筋店 | PRONTO,大阪府,大阪市,中央区心斎橋筋２−６−１４アクロスビル１Ｆ,なんば駅徒歩5分以上,06-6484-3818,"平日：カフェ8:00〜22:30
土曜：カフェ8:00〜22:30
日曜：カフェ8:00〜22:30
祝日：カフェ8:00〜22:30",https://www.pronto.co.jp/shop/detail?shopid=0X00038802,FALSE,FALSE,TRUE,FALSE,34.6702352,135.5006205,68席
235,CAFFESOLARE ＬＡＢＩ千里店 | PRONTO,大阪府,豊中市,新千里東町１−２−２０ヤマダ電機ＬＡＢＩ千里４Ｆ,千里中央駅徒歩8分以上,06-4863-1080,"平日：カフェ10:00〜21:00
土曜：カフェ10:00〜21:00
日曜：カフェ10:00〜21:00
祝日：カフェ10:00〜21:00",https://www.pronto.co.jp/shop/detail?shopid=0X00091443,FALSE,FALSE,TRUE,FALSE,34.812079,135.494783,98席
236,CAFFESOLARE 新さっぽろ店 | PRONTO,北海道,札幌市,厚別区厚別中央２条５丁目７番２号サンピアザ１Ｆ,新札幌駅徒歩1分以上,011-890-2339,"平日：カフェ10:00〜21:00
土曜：カフェ10:00〜21:00
日曜：カフェ10:00〜21:00
祝日：カフェ10:00〜21:00",https://www.pronto.co.jp/shop/detail?shopid=S000004656,FALSE,FALSE,TRUE,FALSE,43.0379124,141.472532,
237,CAFFESOLARE 高槻アクトアモーレ店 | PRONTO,大阪府,高槻市,芥川町１丁目２番Ｂ０１１１号（アクトアモーレ内）,高槻駅徒歩1分以上,072-684-1238,"平日：カフェ8:00〜22:00
土曜：カフェ8:00〜22:00
日曜：カフェ9:00〜21:30
祝日：カフェ9:00〜21:30",https://www.pronto.co.jp/shop/detail?shopid=S000004655,FALSE,FALSE,TRUE,FALSE,34.8519764,135.6163813,71席
238,CAFFESOLARE Tsumugiトリエ京王調布店 | PRONTO,東京都,調布市,布田4-4-22トリエ京王調布Ａ館4Ｆ,調布駅徒歩3分以内,042-490-0188,"平日：カフェ10:00〜21:00
土曜：カフェ10:00〜21:00
日曜：カフェ10:00〜21:00
祝日：カフェ10:00〜21:00",https://www.pronto.co.jp/shop/detail?shopid=PR00009037,TRUE,FALSE,FALSE,FALSE,35.6517861,139.5447809,70席
239,CAFFESOLARE Tsumugi有楽町マルイ店 | PRONTO,東京都,千代田区,有楽町2-7-1,銀座一丁目駅徒歩2分以上,03-6212-3777,"平日：カフェ11:00〜21:00
土曜：カフェ11:00〜21:00
日曜：カフェ10:30〜20:30
祝日：カフェ10:30〜20:30",https://www.pronto.co.jp/shop/detail?shopid=PR00009035,FALSE,FALSE,FALSE,FALSE,35.6742637,139.7637618,65席
240,築地本願寺カフェTsumugi店 | PRONTO,東京都,中央区,築地3-15-1築地本願寺インフォメーション棟,築地駅徒歩2分以上,03-5565-5581,"平日：カフェ8:00〜21:00
土曜：カフェ8:00〜21:00
日曜：カフェ8:00〜21:00
祝日：カフェ8:00〜21:00",https://www.pronto.co.jp/shop/detail?shopid=PR00009038,TRUE,FALSE,FALSE,FALSE,35.6664505,139.7722847,82席
241,CAFFESOLARE TsumugiLUSCA茅ヶ崎店 | PRONTO,神奈川県,茅ヶ崎市,元町1-1LUSCA茅ヶ崎4F,茅ヶ崎駅徒歩1分以上,0467-81-4470,"平日：カフェ10:00〜21:00
土曜：カフェ10:00〜21:00
日曜：カフェ10:00〜21:00
祝日：カフェ10:00〜21:00",https://www.pronto.co.jp/shop/detail?shopid=PR00009036,TRUE,FALSE,FALSE,FALSE,35.3304767,139.4060859,94席
242,CAFFESOLARE Tsumugiジョイナステラス二俣川店 | PRONTO,神奈川県,横浜市,旭区二俣川2-50-14S-302,二俣川駅徒歩3分以内,045-367-7300,"平日：カフェ10:00〜21:00
土曜：カフェ10:00〜21:00
日曜：カフェ10:00〜21:00
祝日：カフェ10:00〜21:00",https://www.pronto.co.jp/shop/detail?shopid=PR00009040,TRUE,FALSE,FALSE,FALSE,35.4636516,139.5329904,78席
243,CAFFESOLARETsumugiFOOD＆TIMEISETANYOKOHAMA | PRONTO,神奈川県,横浜市,西区南幸1-5-1クイーンズ伊勢丹内B-１区画,横浜駅徒歩5分以上,045-322-0588,"平日：カフェ10:00〜23:00
土曜：カフェ10:00〜23:00",https://www.pronto.co.jp/shop/detail?shopid=PR00009039,TRUE,FALSE,FALSE,FALSE,35.464504,139.6205275,100席
244,CAFFESOLARE Tsumugiあべのｓｏｌａｈａ店 | PRONTO,大阪府,大阪市,阿倍野区阿倍野筋1-1-43あべのsolaha3.5F,大阪阿部野橋駅徒歩3分以内,06-6625-2082,"平日：カフェ10:00〜20:30
土曜：カフェ10:00〜20:30
日曜：カフェ10:00〜20:30
祝日：カフェ10:00〜20:30",https://www.pronto.co.jp/shop/detail?shopid=PR00009034,FALSE,FALSE,FALSE,FALSE,34.6456661,135.5141906,74席
245,CAFFESOLARE TsumugiLUCUA店 | PRONTO,大阪府,大阪市,北区梅田3-1-3大阪駅新北ビルLUCUA5F,北新地駅徒歩3分以内,06-6151-1278,"平日：カフェ10:00〜21:00
土曜：カフェ10:00〜21:00
日曜：カフェ10:00〜21:00
祝日：カフェ10:00〜21:00",https://www.pronto.co.jp/shop/detail?shopid=PR00009026,FALSE,FALSE,FALSE,FALSE,34.6988623,135.4964298,
246,Eルミネ大宮店 | PRONTO,埼玉県,さいたま市,大宮区錦町630ルミネ22F,大宮駅徒歩2分以上,048-645-3577,"平日：カフェ7:00〜23:00
土曜：カフェ7:00〜23:00
日曜：カフェ7:00〜22:00
祝日：カフェ7:00〜22:00",https://www.pronto.co.jp/shop/detail?shopid=PR00001517,TRUE,TRUE,TRUE,FALSE,35.9068613,139.6248553,77席
247,E千葉大学医学部附属病院店 | PRONTO,千葉県,千葉市,中央区亥鼻1−8−1千葉大学医学部附属病院内,県庁前駅徒歩17分以上,043-222-3911,"平日：カフェ7:00〜19:00
土曜：カフェ9:00〜18:00
日曜：カフェ9:00〜18:00
祝日：カフェ9:00〜18:00",https://www.pronto.co.jp/shop/detail?shopid=PR00001507,FALSE,FALSE,FALSE,FALSE,35.604116,140.1360056,32席
248,Eエミオ石神井公園店 | PRONTO,東京都,練馬区,石神井町3-23-5,石神井公園駅徒歩1分以上,03-5923-1566,"平日：カフェ7:00〜23:00
土曜：カフェ8:00〜22:00
日曜：カフェ8:00〜22:00
祝日：カフェ8:00〜22:00",https://www.pronto.co.jp/shop/detail?shopid=PR00001508,FALSE,TRUE,TRUE,FALSE,35.7434989,139.6074002,68席
249,E文化学園店 | PRONTO,東京都,渋谷区,代々木3ｰ14ｰ3文化学園紫苑学生会館1Ｆ,南新宿駅徒歩5分以上,03-5354-7515,"平日：カフェ8:00〜19:00
土曜：カフェ10:00〜19:00",https://www.pronto.co.jp/shop/detail?shopid=PR00001513,FALSE,TRUE,TRUE,FALSE,35.6841014,139.6940456,140席
250,E雷門店 | PRONTO,東京都,台東区,雷門2-19-6,浅草駅徒歩3分以上,03-5828-1400,"平日：カフェ7:00〜21:00
土曜：カフェ8:00〜21:00
日曜：カフェ8:00〜21:00
祝日：カフェ8:00〜21:00",https://www.pronto.co.jp/shop/detail?shopid=PR00001511,TRUE,FALSE,TRUE,FALSE,35.7103132,139.7969361,76席
251,E狛江店 | PRONTO,東京都,狛江市,元和泉1−2−2,狛江駅徒歩1分以上,03-5438-5757,"平日：カフェ7:00〜23:00
土曜：カフェ8:00〜22:00
日曜：カフェ8:00〜22:00
祝日：カフェ8:00〜22:00",https://www.pronto.co.jp/shop/detail?shopid=PR00001512,TRUE,FALSE,TRUE,FALSE,35.6328397,139.5780855,67席
252,Eセレオ八王子店 | PRONTO,東京都,八王子市,旭町１番１７号セレオ八王子１F,八王子駅徒歩3分以内,042-631-3715,"平日：カフェ7:00〜23:00
土曜：カフェ7:00〜22:00
日曜：カフェ7:00〜22:00
祝日：カフェ7:00〜22:00",https://www.pronto.co.jp/shop/detail?shopid=0X00183387,FALSE,TRUE,TRUE,FALSE,35.6560541,139.3392618,58席
253,E東京大学中央食堂店 | PRONTO,東京都,文京区,本郷7-3-1本郷キャンパス2階,根津駅徒歩7分以上,03-3817-0141,"平日：カフェ8:00〜21:00
土曜：カフェ11:00〜19:00
日曜：カフェ11:00〜19:00
祝日：カフェ11:00〜19:00",https://www.pronto.co.jp/shop/detail?shopid=PR00001518,TRUE,FALSE,FALSE,FALSE,35.7135838,139.764379,520席
254,Eとしまエコミューゼタウン店 | PRONTO,東京都,豊島区,南池袋2-45-3,東池袋駅徒歩2分以上,03-5956-9711,"平日：カフェ7:00〜23:00
土曜：カフェ8:00〜22:00
日曜：カフェ8:00〜22:00
祝日：カフェ8:00〜22:00",https://www.pronto.co.jp/shop/detail?shopid=PR00001509,FALSE,TRUE,TRUE,FALSE,35.7257067,139.7166633,77席
255,E西国分寺店 | PRONTO,東京都,国分寺市,泉町3-35-1西国分寺レガ１F,西国分寺駅徒歩3分以内,042-320-4566,"平日：カフェ7:00〜23:00
土曜：カフェ8:00〜22:00
日曜：カフェ8:00〜22:00
祝日：カフェ8:00〜22:00",https://www.pronto.co.jp/shop/detail?shopid=0X00306827,FALSE,TRUE,TRUE,FALSE,35.6991825,139.465578,72席
256,E東十条店 | PRONTO,東京都,北区,東十条3-15-10,東十条駅徒歩3分以上,03-5902-7601,"平日：カフェ7:00〜23:00
土曜：カフェ8:00〜23:00
日曜：カフェ8:00〜23:00
祝日：カフェ8:00〜23:00",https://www.pronto.co.jp/shop/detail?shopid=0X00239654,FALSE,TRUE,TRUE,FALSE,35.7658776,139.7282999,68席
257,E本厚木ミロードイースト店 | PRONTO,神奈川県,厚木市,泉町1-1,本厚木駅徒歩3分以内,046-230-7410,"平日：カフェ6:30〜23:00
土曜：カフェ6:30〜23:00
日曜：カフェ6:30〜23:00
祝日：カフェ6:30〜23:00",https://www.pronto.co.jp/shop/detail?shopid=PR00001506,FALSE,FALSE,TRUE,FALSE,35.4393657,139.3643026,76席
258,E橋本駅店 | PRONTO,神奈川県,相模原市,緑区橋本6-1-24,橋本駅徒歩3分以内,042-772-8777,"平日：カフェ7:00〜23:00
土曜：カフェ7:00〜23:00
日曜：カフェ7:00〜22:00
祝日：カフェ7:00〜22:00",https://www.pronto.co.jp/shop/detail?shopid=PR00001515,TRUE,FALSE,TRUE,FALSE,35.5953001,139.3445701,77席
259,Eビーンズ武蔵中原店 | PRONTO,神奈川県,川崎市,中原区上小田中4-2-1ビーンズ武蔵中原1F,武蔵中原駅徒歩3分以内,044-750-1502,"平日：カフェ7:00〜23:00
土曜：カフェ8:00〜22:00
日曜：カフェ8:00〜22:00
祝日：カフェ8:00〜22:00",https://www.pronto.co.jp/shop/detail?shopid=0X00255341,FALSE,TRUE,TRUE,FALSE,35.5813257,139.6409451,66席
260,E武蔵小杉店 | PRONTO,神奈川県,川崎市,中原区中丸子13-2野村不動産武蔵小杉ビルＮ棟1F,向河原駅徒歩5分以上,044-430-1252,"平日：カフェ7:00〜23:00
土曜：カフェ8:00〜23:00
日曜：カフェ8:00〜22:00
祝日：カフェ8:00〜22:00",https://www.pronto.co.jp/shop/detail?shopid=0X00194849,FALSE,TRUE,TRUE,FALSE,35.5724996,139.6629862,48席
261,EYAMATO文化森店 | PRONTO,神奈川県,大和市,大和南1-8-1YAMATO文化森,大和駅徒歩5分以上,046-263-8809,"平日：カフェ10:00〜21:00
土曜：カフェ10:00〜21:00
日曜：カフェ10:00〜21:00
祝日：カフェ10:00〜21:00",https://www.pronto.co.jp/shop/detail?shopid=PR00001514,FALSE,FALSE,TRUE,FALSE,35.4694227,139.4656299,51席
262,Eラゾーナ川崎プラザ店 | PRONTO,神奈川県,川崎市,幸区堀川町72番1,川崎駅徒歩1分以上,044-874-8581,"平日：カフェ8:00〜22:00
土曜：カフェ8:00〜22:00
日曜：カフェ8:00〜22:00
祝日：カフェ8:00〜22:00",https://www.pronto.co.jp/shop/detail?shopid=PR00001519,FALSE,FALSE,FALSE,FALSE,35.5325417,139.6967571,
263,Eららぽーと海老名店 | PRONTO,神奈川県,海老名市,扇町13-1ららぽーと海老名3F,海老名駅徒歩6分以上,046-236-2277,"平日：カフェ11:00〜23:00
土曜：カフェ11:00〜23:00
日曜：カフェ11:00〜23:00
祝日：カフェ11:00〜23:00",https://www.pronto.co.jp/shop/detail?shopid=PR00001510,FALSE,FALSE,TRUE,FALSE,35.4560135,139.3891894,
264,DiPUNTO 宇都宮駅前店 | PRONTO,栃木県,宇都宮市,駅前通り1-4-6宇都宮西口ビル1F,宇都宮駅徒歩2分以上,028-600-3888,日曜：夜17:00〜24:00,https://www.pronto.co.jp/shop/detail?shopid=PR00008514,TRUE,FALSE,TRUE,FALSE,36.560404,139.8969973,61席
265,DiPUNTO 大宮西口店 | PRONTO,埼玉県,さいたま市,大宮区桜木町1-1-10OZSAKURAビル2F,大宮駅徒歩2分以上,048-650-7366,"日曜：昼11:30〜15:00
祝日：昼11:30〜15:00",https://www.pronto.co.jp/shop/detail?shopid=PR00008511,FALSE,FALSE,TRUE,FALSE,35.9054855,139.6217871,58席
266,DiPUNTO 大宮東口店 | PRONTO,埼玉県,さいたま市,大宮区宮町1-42藤堂セントラルビル2F,大宮駅徒歩4分以上,048-782-4777,日曜：夜17:00〜24:00,https://www.pronto.co.jp/shop/detail?shopid=PR00008527,FALSE,FALSE,TRUE,FALSE,35.9085999,139.6249077,72席
267,DiPUNTO 船橋店 | PRONTO,千葉県,船橋市,本町4-2-9菅野屋船橋ビル1F,京成船橋駅徒歩2分以上,047-407-3110,"日曜：夜15:00〜23:30
祝日：夜15:00〜23:30",https://www.pronto.co.jp/shop/detail?shopid=PR00008518,FALSE,FALSE,TRUE,FALSE,35.7010817,139.9867915,65席
268,DiPUNTO 飯田橋店 | PRONTO,東京都,千代田区,富士見2-6-12飯田橋AMビル1F,飯田橋駅徒歩3分以上,03-3556-2727,"日曜：夜16:00〜23:30
祝日：夜16:00〜23:30",https://www.pronto.co.jp/shop/detail?shopid=PR00008524,FALSE,FALSE,TRUE,FALSE,35.7009239,139.7458537,67席
269,DiPUNTO 池袋東口店 | PRONTO,東京都,豊島区,東池袋1-15-2音羽ビルＢ１,池袋駅徒歩5分以上,03-5928-4188,"日曜：夜15:00〜3:00
祝日：夜15:00〜3:00",https://www.pronto.co.jp/shop/detail?shopid=0X00314824,FALSE,FALSE,TRUE,FALSE,35.7308243,139.7150127,98席
270,DiPUNTO 上野御徒町店 | PRONTO,東京都,台東区,上野3-21-7福寿ビルB1F,御徒町駅徒歩1分以上,03-5818-8810,"日曜：夜16:00〜29:00
祝日：夜16:00〜29:00",https://www.pronto.co.jp/shop/detail?shopid=PR00008529,FALSE,FALSE,TRUE,FALSE,35.706451,139.77405,65席
271,DiPUNTO 上野店 | PRONTO,東京都,台東区,上野7-3-2上野TSDビルB1F,上野駅徒歩3分以内,03-6231-6036,"日曜：夜16:00〜27:00
祝日：夜16:00〜27:00",https://www.pronto.co.jp/shop/detail?shopid=0X00303555,FALSE,FALSE,TRUE,FALSE,35.71241,139.777652,59席
272,DiPUNTO 恵比寿店 | PRONTO,東京都,渋谷区,恵比寿1-10-6清園ビル1F,恵比寿駅徒歩2分以上,03-6450-3681,"日曜：夜13:00〜3:00
祝日：夜13:00〜3:00",https://www.pronto.co.jp/shop/detail?shopid=0X00281876,FALSE,FALSE,TRUE,FALSE,35.6468738,139.7108832,70席
273,DiPUNTO 大手町店 | PRONTO,東京都,千代田区,大手町１−９−７大手町フィナンシャルシティーサウスタワー1F,大手町駅徒歩5分以上,03-5205-8908,"平日：昼11:30〜14:30夜17:00〜23:00
土曜：夜17:00〜23:00※金曜は24:00まで営業",https://www.pronto.co.jp/shop/detail?shopid=0X00284249,FALSE,FALSE,TRUE,FALSE,35.687557,139.76532,70席
274,DiPUNTO 蒲田店 | PRONTO,東京都,大田区,蒲田5-11-8千代ビルB1F,蒲田駅徒歩3分以上,03-5480-5110,"日曜：夜17:00〜5:00
祝日：夜17:00〜5:00",https://www.pronto.co.jp/shop/detail?shopid=PR00008515,FALSE,FALSE,TRUE,FALSE,35.5629285,139.7173638,54席
275,DiPUNTO 神田店 | PRONTO,東京都,千代田区,内神田３−１８−８ホワイト駅前ビル１F,神田駅徒歩3分以内,03-5297-1118,"日曜：夜 17:00～5:00
祝日：夜 17:00～5:00",https://www.pronto.co.jp/shop/detail?shopid=0X00150488,FALSE,FALSE,TRUE,FALSE,35.6920961,139.7704595,44席
276,DiPUNTO 錦糸町店 | PRONTO,東京都,墨田区,江東橋3-14-13サンライズビルB1F,錦糸町駅徒歩1分以上,03-6659-3070,日曜：夜17:00〜3:00,https://www.pronto.co.jp/shop/detail?shopid=PR00008528,FALSE,FALSE,TRUE,FALSE,35.6962368,139.81321,67席
277,DiPUNTO 銀座三丁目店 | PRONTO,東京都,中央区,銀座３−９−１８東銀座ビル１Ｆ,東銀座駅徒歩2分以上,03-6226-3830,"日曜：夜 16:00～23:00
祝日：夜 16:00～23:00",https://www.pronto.co.jp/shop/detail?shopid=0X00158787,FALSE,FALSE,TRUE,FALSE,35.6717151,139.7678037,34席
278,DiPUNTO 銀座七丁目店 | PRONTO,東京都,中央区,銀座7-2-4武蔵セブンビルB1F,銀座駅徒歩5分以上,03-5537-6450,"日曜：夜17:00〜3:00
祝日：夜17:00〜3:00",https://www.pronto.co.jp/shop/detail?shopid=0X00255143,FALSE,FALSE,TRUE,FALSE,35.670978,139.760701,60席
279,DiPUNTO 渋谷駅前店 | PRONTO,東京都,渋谷区,渋谷1-24-16みずほ銀行遠州屋共同ビルB1F,渋谷駅徒歩3分以上,03-6427-1323,"日曜：夜16:00〜5:00
祝日：夜16:00〜5:00",https://www.pronto.co.jp/shop/detail?shopid=PR00008522,FALSE,FALSE,TRUE,FALSE,35.659632,139.701768,90席
280,DiPUNTO 渋谷神南店 | PRONTO,東京都,東京都渋谷区,神南1-20-17BC神南PROPERTYB1F,渋谷駅徒歩8分以上,03-5456-9551,"日曜：夜17:00〜5:00
祝日：夜17:00〜5:00",https://www.pronto.co.jp/shop/detail?shopid=PR00008520,FALSE,FALSE,TRUE,FALSE,35.6622026,139.7001854,85席
281,DiPUNTO 渋谷店 | PRONTO,東京都,渋谷区,道玄坂1-6-9ILA道玄坂ビル2・3F,渋谷駅徒歩5分以上,03-5784-1288,"日曜：夜17:00〜24:00
祝日：夜17:00〜24:00",https://www.pronto.co.jp/shop/detail?shopid=PR00008519,FALSE,FALSE,TRUE,FALSE,35.657935,139.698931,45席
282,DiPUNTO 新宿三丁目店 | PRONTO,東京都,新宿区,新宿3-2-7PLAZAEST新宿三丁目2F,新宿三丁目駅徒歩1分以上,03-3351-2210,"日曜：夜17:00〜24:00
祝日：夜17:00〜24:00",https://www.pronto.co.jp/shop/detail?shopid=PR00008509,FALSE,FALSE,TRUE,FALSE,35.6908426,139.7065017,46席
283,DiPUNTO 新宿西口店 | PRONTO,東京都,新宿区,西新宿7-1-3加藤ビルB1F,新宿西口駅徒歩3分以内,03-6908-9022,"日曜：夜15:00〜27:00
祝日：夜15:00〜27:00",https://www.pronto.co.jp/shop/detail?shopid=PR00008530,FALSE,FALSE,TRUE,FALSE,35.6939825,139.6991822,81席
284,DiPUNTO 自由が丘店 | PRONTO,東京都,目黒区,自由が丘2-11-16ニューパルビューB1F,自由が丘駅徒歩1分以上,03-5726-5581,"日曜：夜17:00〜3:00
祝日：夜17:00〜3:00",https://www.pronto.co.jp/shop/detail?shopid=PR00008523,FALSE,FALSE,TRUE,FALSE,35.6077466,139.6673972,70席
285,DiPUNTO 水道橋店 | PRONTO,東京都,千代田区,三崎町2-19-4MKビルB1F,水道橋駅徒歩4分以上,03-3230-2810,日曜：夜17:00〜24:00,https://www.pronto.co.jp/shop/detail?shopid=PR00008532,FALSE,FALSE,TRUE,FALSE,35.701477,139.752526,100席
286,DiPUNTO 中目黒店 | PRONTO,東京都,目黒区,上目黒３−３−７丸千ビルＢ１Ｆ,中目黒駅徒歩3分以内,03-6452-2638,"日曜：夜17:00〜23:00
祝日：夜17:00〜23:00",https://www.pronto.co.jp/shop/detail?shopid=0X00285196,TRUE,FALSE,TRUE,FALSE,35.644118,139.698446,60席
287,DiPUNTO 浜松町店 | PRONTO,東京都,港区,浜松町1-27-81F,大門駅徒歩3分以内,03-3434-1323,"月〜木：夜16:00〜24:00
金：夜16:00〜25:00
土曜：夜16:00〜24:00※祝前日は26:00まで営業",https://www.pronto.co.jp/shop/detail?shopid=PR00008510,FALSE,FALSE,TRUE,FALSE,35.6573069,139.7552622,54席
288,DiPUNTO 南池袋店 | PRONTO,東京都,豊島区,南池袋1-17-2池袋ロイヤルホテル東口Ｂ1Ｆ,池袋駅徒歩6分以上,03-5928-2918,"平日：夜17:00〜24:00
土曜：夜17:00〜24:00
日祝：夜17:00〜24:00※金曜日は2:00まで営業",https://www.pronto.co.jp/shop/detail?shopid=0X00290523,FALSE,FALSE,TRUE,FALSE,35.727017,139.711483,46席
289,DiPUNTO 代々木店 | PRONTO,東京都,渋谷区,代々木1-32-11Kビル2F,代々木駅徒歩2分以上,03-6276-7821,日曜：夜16:00〜24:00,https://www.pronto.co.jp/shop/detail?shopid=PR00008521,FALSE,FALSE,TRUE,FALSE,35.6824383,139.7020192,75席
290,DiPUNTO 川崎店 | PRONTO,神奈川県,川崎市,川崎区駅前本町11-1パシフィックマーク川崎B1F,川崎駅徒歩2分以上,044-200-4415,"日曜：夜17:00〜3:00
祝日：夜17:00〜3:00",https://www.pronto.co.jp/shop/detail?shopid=PR00008517,FALSE,FALSE,TRUE,FALSE,35.5315242,139.6988098,82席
291,DiPUNTO 武蔵小杉 | PRONTO,神奈川県,川崎市,中原区小杉町3-486S.N.B2F,武蔵小杉駅徒歩3分以内,044-819-8211,"日曜：夜16:00〜3:00
祝日：夜16:00〜3:00",https://www.pronto.co.jp/shop/detail?shopid=PR00008526,FALSE,FALSE,TRUE,FALSE,35.5752813,139.6586443,74席
292,DiPUNTO 横須賀中央店 | PRONTO,神奈川県,横須賀市,若松町3-18-14第86東京ビル1F,横須賀中央駅徒歩3分以内,046-828-5070,"日曜：夜15:00〜3:00
祝日：夜15:00〜3:00",https://www.pronto.co.jp/shop/detail?shopid=PR00008513,FALSE,FALSE,TRUE,FALSE,35.2785359,139.671081,63席
293,DiPUNTO 長野駅前店 | PRONTO,長野県,長野市,南千歳1-28-3長野NCビル2F,長野駅徒歩3分以内,026-217-5899,"日曜：夜17:00〜24:00
祝日：夜17:00〜24:00",https://www.pronto.co.jp/shop/detail?shopid=PR00008531,FALSE,FALSE,FALSE,FALSE,36.6442877,138.1877121,70席
294,DiPUNTO 静岡店 | PRONTO,静岡県,静岡市,葵区呉服町2-9-6辰巳ビル1F,新静岡駅徒歩5分以上,054-252-1009,"日曜：夜17:00〜1:00
祝日：夜17:00〜1:00",https://www.pronto.co.jp/shop/detail?shopid=PR00000294,FALSE,FALSE,TRUE,FALSE,34.9733884,138.3843654,65席
295,DiPUNTO 桜橋店 | PRONTO,大阪府,大阪市,北区梅田2-4-43浪漫倶楽部101,西梅田駅徒歩1分以上,06-6343-7741,"日曜：夜17:00〜24:00
祝日：夜17:00〜24:00",https://www.pronto.co.jp/shop/detail?shopid=PR00008512,FALSE,FALSE,TRUE,FALSE,34.698937,135.4946795,34席
296,DiPUNTO 心斎橋店 | PRONTO,大阪府,大阪市,中央区東心斎橋1-19-18シンサイドビル1F,心斎橋駅徒歩2分以上,06-6282-5575,日曜：夜17:00〜24:00,https://www.pronto.co.jp/shop/detail?shopid=PR00008525,FALSE,FALSE,TRUE,FALSE,34.6745855,135.5026748,61席
297,DiPUNTO 天神西通り店 | PRONTO,福岡県,福岡市,中央区大名2-6-5天神西通り館2F,西鉄福岡駅徒歩4分以上,092-731-7133,日曜：夜17:00〜24:00,https://www.pronto.co.jp/shop/detail?shopid=PR00008516,FALSE,FALSE,TRUE,FALSE,33.589136,130.3956058,63席
298,espressamenteilly 赤坂Ｂｉｚタワー店 | PRONTO,東京都,港区,赤坂5-3-1赤坂ＢｉｚタワーB1F,赤坂駅徒歩1分以上,03-5545-6977,"平日：カフェ7:00〜23:00
土曜：カフェ7:00〜22:30
日曜：カフェ7:00〜22:30",https://www.pronto.co.jp/shop/detail?shopid=0X00090482,FALSE,FALSE,TRUE,FALSE,35.672857,139.7366554,72席
299,espressamenteilly 新静岡セノバ店 | PRONTO,静岡県,静岡市,葵区鷹匠1-1-1B1F,新静岡駅徒歩3分以内,054-266-7143,"平日：カフェ7:30〜22:00
土曜：カフェ9:00〜22:00
日曜：カフェ9:00〜22:00
祝日：カフェ9:00〜22:00",https://www.pronto.co.jp/shop/detail?shopid=S000004659,FALSE,FALSE,TRUE,FALSE,34.9759514,138.3885799,69席
300,espressamenteilly 京都駅店 | PRONTO,京都,府京都市,下京区東塩小路高倉町８−３,京都駅徒歩3分以上,075-693-4310,"平日：カフェ7:00〜22:30
土曜：カフェ7:00〜22:30
日曜：カフェ7:00〜22:30
祝日：カフェ7:00〜22:30",https://www.pronto.co.jp/shop/detail?shopid=0X00109652,FALSE,FALSE,TRUE,FALSE,34.9847749,135.7598053,43席
301,espressamenteilly 福岡天神地下街店 | PRONTO,福岡県,福岡市,中央区天神2丁目地下3号2番街300号,天神駅徒歩3分以内,092-732-1686,"平日：カフェ7:00〜23:00
土曜：カフェ7:00〜23:00
日曜：カフェ7:00〜23:00
祝日：カフェ7:00〜23:00",https://www.pronto.co.jp/shop/detail?shopid=PR00006527,FALSE,FALSE,TRUE,FALSE,33.5914929,130.3988391,75席
302,illyCAFFE有楽町イトシア店 | PRONTO,東京都,千代田区,有楽町2-7-1有楽町イトシアB1F,銀座一丁目駅徒歩2分以上,03-5224-6181,"平日：カフェ7:30〜23:00
土曜：カフェ7:30〜23:00
日曜：カフェ7:30〜23:00
祝日：カフェ7:30〜23:00",https://www.pronto.co.jp/shop/detail?shopid=0X00079151,FALSE,FALSE,TRUE,FALSE,35.6741752,139.7637877,80席
303,espressamenteilly ｉｌｌｙＢａｒ霞ヶ関店 | PRONTO,東京都,千代田区,霞ヶ関１−４−２大同生命ビル１Ｆ,虎ノ門駅徒歩2分以上,03-3502-1400,平日：カフェ8:00〜21:00,https://www.pronto.co.jp/shop/detail?shopid=0335021400,TRUE,FALSE,FALSE,FALSE,35.670461,139.7514325,74席
304,宮益バールアンドダイン店 | PRONTO,東京都,渋谷区,渋谷1-8-10,渋谷駅徒歩4分以上,03-5778-9488,"平日：カフェ10:00〜17:00
土曜：カフェ10:00〜17:00
日曜：カフェ10:00〜17:00
祝日：カフェ10:00〜17:00",https://www.pronto.co.jp/shop/detail?shopid=PR0006528,TRUE,FALSE,TRUE,FALSE,35.6602303,139.70487,114席
305,ブリオッシュドーレnonowa国立店 | PRONTO,東京都,国立市,北1−14−17nonowa国立WEST,国立駅徒歩3分以内,042-580-4155,平日：カフェ7:00〜23:00,https://www.pronto.co.jp/shop/detail?shopid=PR00007504,TRUE,FALSE,FALSE,FALSE,35.6992545,139.4467845,59席
306,ブリオッシュドーレヨドバシAkiba店 | PRONTO,東京都,千代田区,神田花岡町1-1,秋葉原駅徒歩3分以上,03-5298-5551,平日：カフェ7:00〜22:00,https://www.pronto.co.jp/shop/detail?shopid=PR00007503,FALSE,FALSE,FALSE,FALSE,35.6991805,139.7729827,17席
307,ブリオッシュドーレ小田原トザンイースト店 | PRONTO,神奈川県,小田原市,栄町2-1-2,小田原駅徒歩2分以上,0465-24-3588,平日：カフェ10:00〜18:00,https://www.pronto.co.jp/shop/detail?shopid=PR00007502,TRUE,FALSE,FALSE,FALSE,35.2557845,139.1569761,26席
308,ブリオッシュドーレラスカ茅ヶ崎店 | PRONTO,神奈川県,茅ヶ崎市,元町1-1,茅ヶ崎駅徒歩1分以上,0467-38-8210,平日：カフェ7:00〜22:00,https://www.pronto.co.jp/shop/detail?shopid=PR00007501,TRUE,FALSE,FALSE,FALSE,35.3302962,139.4062664,20席
309,ブリオッシュドーレKITTE博多店 | PRONTO,福岡県,福岡市,博多区博多駅中央街1−1B1F,博多駅徒歩1分以上,092-260-6344,平日：カフェ7:00〜22:00,https://www.pronto.co.jp/shop/detail?shopid=PR00007505,TRUE,FALSE,FALSE,FALSE,33.5893172,130.4211007,36席
310,ブリオッシュドーレ天神ソラリアステージ店 | PRONTO,福岡県,福岡市,中央区天神2-11-3,西鉄福岡駅徒歩3分以内,092-717-5789,平日：カフェ8:00〜22:00,https://www.pronto.co.jp/shop/detail?shopid=PR00007500,TRUE,FALSE,FALSE,FALSE,33.5900158,130.3990212,40席
311,ブリオッシュドーレアンド カフェ 熊本COCOSA店 | PRONTO,熊本県,熊本市,中央区下通1-3-8COCOCSA1F,通町筋駅徒歩2分以上,096-312-3553,平日：カフェ7:00〜23:00,https://www.pronto.co.jp/shop/detail?shopid=PR00007507,TRUE,FALSE,FALSE,FALSE,32.8022317,130.7087938,50席
312,W e CAFFE DA IL BAR 　エキュート大宮店 | PRONTO,埼玉県,さいたま市,大宮区錦町630大宮駅構内エキュート大宮,大宮駅徒歩3分以内,048-648-8818,"平日：カフェ7:00〜18:00
土曜：カフェ7:00〜18:00
日曜：カフェ7:00〜18:00
祝日：カフェ7:00〜18:00",https://www.pronto.co.jp/shop/detail?shopid=0X00223443,FALSE,FALSE,FALSE,FALSE,35.9058819,139.624261,35席
313,COFFEE&WINESTANDTOROCCO | PRONTO,神奈川県,川崎市,川崎区駅前本町26-1アトレ川崎4階,川崎駅徒歩1分以上,044-244-1050,"平日：カフェ8:00〜22:30
土曜：カフェ9:30〜21:30
日曜：カフェ9:30〜21:30
祝日：カフェ9:30〜21:30",https://www.pronto.co.jp/shop/detail?shopid=PR00009532,FALSE,FALSE,FALSE,FALSE,35.5311414,139.6978074,16席
314,PRONTOCAFFE 秋田店 | PRONTO,秋田県,秋田市,広面字谷池沖３０−１,秋田駅徒歩24分以上,018-831-1500,"平日：カフェ6:30〜23:00
土曜：カフェ6:30〜23:00
日曜：カフェ6:30〜23:00
祝日：カフェ6:30〜23:00",https://www.pronto.co.jp/shop/detail?shopid=S000004652,FALSE,FALSE,TRUE,FALSE,39.7230063,140.1478127,35席
315,PRONTOCAFFE おゆみ野店 | PRONTO,千葉県,千葉市,中央区南生実町１４３９−１,学園前駅徒歩3分以上,043-261-7059,"平日：カフェ6:00〜22:00
土曜：カフェ6:00〜22:00
日曜：カフェ6:00〜22:00
祝日：カフェ6:00〜22:00",https://www.pronto.co.jp/shop/detail?shopid=S000004646,FALSE,FALSE,TRUE,FALSE,35.5622031,140.1573413,26席
316,PRONTOCAFFE 南増尾 | PRONTO,千葉県,柏市,南増尾７−１−１４,常盤平駅徒歩22分以上,0471-70-5980,"平日：カフェ7:00〜22:00
土曜：カフェ7:00〜22:00
日曜：カフェ7:00〜22:00
祝日：カフェ7:00〜22:00",https://www.pronto.co.jp/shop/detail?shopid=S000004644,FALSE,FALSE,TRUE,FALSE,35.8131676,139.9614706,32席
317,PRONTOCAFFE 高瀬橋店 | PRONTO,東京都,町田市,田市高ケ坂４６６,町田駅徒歩18分以上,0427-28-9666,"平日：カフェ7:00〜21:30
土曜：カフェ7:00〜21:30
日曜：カフェ7:00〜21:30
祝日：カフェ7:00〜21:30",https://www.pronto.co.jp/shop/detail?shopid=S000004647,FALSE,FALSE,TRUE,FALSE,#N/A,#N/A,36席
318,PRONTOCAFFE 調布店 | PRONTO,東京都,調布市,深大寺北町６−５２−２,武蔵境駅徒歩31分以上,042-481-1119,"平日：カフェ6:00〜22:00
土曜：カフェ6:00〜22:00
日曜：カフェ6:00〜22:00
祝日：カフェ6:00〜22:00",https://www.pronto.co.jp/shop/detail?shopid=S000004651,FALSE,FALSE,TRUE,FALSE,35.6812185,139.5463327,46席
319,PRONTOCAFFE 光が丘店 | PRONTO,東京都,練馬区,高松５−１７−７,光が丘駅徒歩11分以上,03-5910-4011,"平日：カフェ7:00〜22:00
土曜：カフェ7:00〜22:00
日曜：カフェ7:00〜22:00
祝日：カフェ7:00〜22:00",https://www.pronto.co.jp/shop/detail?shopid=S000004653,FALSE,FALSE,TRUE,FALSE,35.7610778,139.6204895,23席
320,PRONTOCAFFE 府中西原店 | PRONTO,東京都,府中市,西原町２−２４,谷保駅徒歩16分以上,042-505-5100,"平日：カフェ6:00〜22:00
土曜：カフェ6:00〜22:00
日曜：カフェ6:00〜22:00
祝日：カフェ6:00〜22:00",https://www.pronto.co.jp/shop/detail?shopid=S000004654,FALSE,FALSE,TRUE,FALSE,35.6841572,139.4589984,38席
321,PRONTOCAFFE 岩津店 | PRONTO,愛知県,岡崎市,岩津町字於御所２０３,北野桝塚駅徒歩43分以上,0564-45-8490,"平日：カフェ7:00〜22:00
土曜：カフェ7:00〜22:00
日曜：カフェ7:00〜22:00
祝日：カフェ7:00〜22:00",https://www.pronto.co.jp/shop/detail?shopid=S000004649,FALSE,FALSE,TRUE,FALSE,35.0089034,137.169371,31席