id,name,prefecture,city,other_address,access,tel,business_hour,hp,wifi,socket,smoking,iccard,lat,lon,chair
0,福井西武店 | カフェメルカード,福井県,福井市,中央1-9-20福井西武店新館B1F,福井駅前駅徒歩1分,0776-30-2280,"平日10:00～19:30
土日祝10:00～19:30",https://shop.ufs.co.jp/ufs/spot/detail?code=905,FALSE,TRUE,TRUE,TRUE,43.061315,141.354068,52席
1,博多大丸店 | カフェメルカード,福岡県,福岡市,中央区天神1-4-1博多大丸本館B2F,天神南駅徒歩1分,092-762-7361,"平日10:00～20:00
土日祝10:00～20:00",https://shop.ufs.co.jp/ufs/spot/detail?code=2513,FALSE,FALSE,TRUE,FALSE,43.06765,141.349401,売店のみ
2,天満屋福山店 | カフェメルカード,広島県,福山市,元町1-1天満屋福山店B1F,福山駅徒歩3分,084-928-4067,"平日・日10:00～19:00
土10:00～19:30",https://shop.ufs.co.jp/ufs/spot/detail?code=1703,TRUE,FALSE,TRUE,FALSE,43.06765,141.349401,11席
3,天満屋広島アルパーク店 | カフェメルカード,広島県,広島市,西区井口明神1-16-1ｱﾙﾊﾟｰｸ天満屋1F,商工センター入口駅徒歩5分,082-501-1581,"平日10:00～20:00
土日祝10:00～20:00",https://shop.ufs.co.jp/ufs/spot/detail?code=1910,FALSE,TRUE,TRUE,TRUE,43.068275,141.352445,10席
4,鳥取大丸店 | カフェメルカード,鳥取県,鳥取市,今町2-151鳥取大丸B1F,鳥取駅徒歩3分,0857-25-2151,"平日10:00～19:00
土日祝10:00～19:00",https://shop.ufs.co.jp/ufs/spot/detail?code=2304,TRUE,TRUE,FALSE,TRUE,43.067656,141.350857,"33席
(禁煙8席・喫煙25)"
5,長崎ゆめタウン夢彩都店 | カフェメルカード,長崎県,長崎市,元船10-1ゆめタウン夢彩都2F,大波止駅徒歩2分,095-811-4487,"平日10:00～21:00
土日祝10:00～21:00",https://shop.ufs.co.jp/ufs/spot/detail?code=2613,TRUE,TRUE,FALSE,TRUE,43.067656,141.350857,69席
6,大宮そごう店 | カフェメルカード,埼玉県,さいたま市,大宮区桜木町1-6-2大宮そごうB1F,大宮駅徒歩2分,048-648-1328,"平日10:00～20:00
土日祝10:00～20:00",https://shop.ufs.co.jp/ufs/spot/detail?code=312,TRUE,TRUE,FALSE,TRUE,43.067656,141.350857,8席
7,大丸神戸店 | カフェメルカード,兵庫県,神戸市,中央区明石町40大丸神戸店B1F,旧居留地・大丸前駅徒歩3分以内,078-333-4050,"平日10:00～20:00
土日祝10:00～20:00",https://shop.ufs.co.jp/ufs/spot/detail?code=1409,TRUE,TRUE,FALSE,TRUE,43.067656,141.350857,売店のみ
8,倉敷天満屋店 | カフェメルカード,岡山県,倉敷市,阿知1－7－1天満屋倉敷店Ｂ１Ｆ,倉敷駅徒歩1分,086-435-7055,"平日10:00～19:30
土日祝10:00～19:30",https://shop.ufs.co.jp/ufs/spot/detail?code=1607,TRUE,TRUE,FALSE,TRUE,43.067656,141.350857,11席
9,川口そごう店 | カフェメルカード,埼玉県,川口市,栄町3-5-1川口そごうB1F,川口駅徒歩2分,048-254-9166,"平日10:00～20:00
土日祝10:00～20:00",https://shop.ufs.co.jp/ufs/spot/detail?code=322,TRUE,TRUE,FALSE,TRUE,43.067656,141.350857,10席
10,垂水店 | カフェメルカード,兵庫県,神戸市,垂水区神田町1-20モルティ垂水東館内,垂水駅徒歩3分以内,078-708-5539,"平日10:00～19:30
土日祝10:00～19:30",https://shop.ufs.co.jp/ufs/spot/detail?code=1420,TRUE,TRUE,FALSE,TRUE,43.067656,141.350857,13席
11,須磨大丸店 | カフェメルカード,兵庫県,神戸市,須磨区中落合2-2-4大丸須磨店1F,名谷駅徒歩2分,078-794-7255,"平日10:00～20:00
土日祝10:00～20:00",https://shop.ufs.co.jp/ufs/spot/detail?code=1412,TRUE,TRUE,FALSE,TRUE,43.067656,141.350857,15席
12,新宿高島屋店（Ｂ１Ｆ） | カフェメルカード,東京都,渋谷区,千駄ヶ谷5-24-2新宿高島屋B1F,代々木駅徒歩3分,03-5361-1365,"平日日祝10:00～20:00
金土10:00～20:30",https://shop.ufs.co.jp/ufs/spot/detail?code=329,TRUE,TRUE,FALSE,TRUE,43.067656,141.350857,6席
13,新潟三越店 | カフェメルカード,新潟県,新潟市,中央区西堀通5-866三越新潟店B1F,白山駅徒歩21分,025-229-1577,"10:00～19:00
土10:00～19:00",https://shop.ufs.co.jp/ufs/spot/detail?code=609,TRUE,TRUE,FALSE,TRUE,43.067656,141.350857,売店のみ
14,松江一畑店 | カフェメルカード,島根県,松江市,朝日町661一畑百貨店松江店B1F,松江駅徒歩2分,0852-55-2563,"平日10:00～19:00
土日祝10:00～19:00",https://shop.ufs.co.jp/ufs/spot/detail?code=2204,TRUE,TRUE,FALSE,TRUE,43.067656,141.350857,12席
15,札幌大丸店 | カフェメルカード,北海道,札幌市,中央区北五条西4-7大丸札幌B1F,札幌駅徒歩3分以内,011-828-1225,"平日10:00～20:00
土日祝10:00～20:00",https://shop.ufs.co.jp/ufs/spot/detail?code=115,TRUE,TRUE,FALSE,TRUE,43.067656,141.350857,７席
16,阪急西宮店 | カフェメルカード,兵庫県,西宮市,高松町14-１阪急西宮１Ｆ,西宮北口駅徒歩4分,0798-69-3850,"平日10:00～20:00
土日祝10:00～20:00",https://shop.ufs.co.jp/ufs/spot/detail?code=1217,TRUE,TRUE,FALSE,TRUE,43.067656,141.350857,売店のみ
17,熊本鶴屋店 | カフェメルカード,熊本県,熊本市,中央区手取本町6-1鶴屋百貨店B2F,水道町駅徒歩2分,096-327-3732,"10:00～19:00
金土10:00～19:30",https://shop.ufs.co.jp/ufs/spot/detail?code=2805,TRUE,TRUE,FALSE,TRUE,43.067656,141.350857,7席
18,岡山天満屋てんちか店 | カフェメルカード,岡山県,岡山市,北区表町2-1-1岡山天満屋てんちか内,県庁通り駅徒歩2分,086-231-7604,"平日10:00～19:30
土日祝10:00～19:30",https://shop.ufs.co.jp/ufs/spot/detail?code=1610,TRUE,TRUE,FALSE,TRUE,43.067656,141.350857,6席
19,横浜そごう店 | カフェメルカード,神奈川県,横浜市,西区高島2-18-1横浜そごうB2F,横浜駅徒歩5分,045-465-2694,"平日10:00～20:00
土日祝10:00～20:00",https://shop.ufs.co.jp/ufs/spot/detail?code=512,TRUE,TRUE,FALSE,TRUE,43.067656,141.350857,8席
20,横須賀モアーズシティ店 | カフェメルカード,神奈川県,横須賀市,若松町2-30モアーズシティB1F,横須賀中央駅徒歩3分以内,0468-20-4401,"平日10:00～21:00
土日祝10:00～21:00",https://shop.ufs.co.jp/ufs/spot/detail?code=410,TRUE,TRUE,FALSE,TRUE,43.067656,141.350857,"28席
(10:00~12:00/17:00~21:00喫煙可)"
21,そごう徳島店 | カフェメルカード,徳島県,徳島市,寺島本町西1-5そごう徳島店B1F,徳島駅徒歩2分,088-655-0370,"平日10:00～19:30
土日祝10:00～19:30",https://shop.ufs.co.jp/ufs/spot/detail?code=3107,TRUE,TRUE,FALSE,TRUE,43.067656,141.350857,56席
22,そごう広島店 | カフェメルカード,広島県,広島市,中区基町6-27広島そごうB1F,紙屋町西駅徒歩3分以内,082-512-7821,"平日10:00～20:00
土日祝10:00～20:00",https://shop.ufs.co.jp/ufs/spot/detail?code=1902,TRUE,TRUE,FALSE,TRUE,43.067656,141.350857,12席
23,サンピアザ店 | カフェメルカード,北海道,札幌市,厚別区厚別中央2条5-7-1サンピアザB1F,新札幌駅徒歩1分,011-890-2328,"平日10:00～21:00
土日祝10:00～21:00",https://shop.ufs.co.jp/ufs/spot/detail?code=106,TRUE,TRUE,FALSE,TRUE,43.067656,141.350857,"43席
(禁煙:26/喫煙17)"
24,いよてつ高島屋店 | カフェメルカード,愛媛県,松山市,湊町5-1-1いよてつ高島屋B1F,松山市駅前駅徒歩3分以内,089-948-2450,"平日10:00～19:30
土日祝10:00～19:30",https://shop.ufs.co.jp/ufs/spot/detail?code=3003,TRUE,TRUE,FALSE,TRUE,43.067656,141.350857,売店のみ
25,アトレ吉祥寺店 | カフェメルカード,東京都,武蔵野市,吉祥寺南町1-1-24アトレ吉祥寺1F,吉祥寺駅徒歩1分,0422-23-7071,"平日10:00～21:00
土日祝10:00～21:00",https://shop.ufs.co.jp/ufs/spot/detail?code=317,TRUE,TRUE,FALSE,TRUE,43.067656,141.350857,5席
26,JR京都伊勢丹店 | カフェメルカード,京都,府京都市,下京区烏丸通塩小路下ﾙ東塩小路町JR京都伊勢丹B1F,京都駅徒歩5分,075-352-6256,"平日10:00～20:00
土日祝10:00～20:00",https://shop.ufs.co.jp/ufs/spot/detail?code=1018,TRUE,TRUE,FALSE,TRUE,43.067656,141.350857,伊勢丹内