id,name,prefecture,city,other_address,access,tel,business_hour,hp,wifi,socket,smoking,iccard,lat,lon,chair
0,ニュー八重洲北口店 | Cafeルノアール,東京都,中央区,八重洲1-7-4矢満登ビル1F,東京駅八重洲北口から外堀通りを渡り、八重洲北口通りに入り日興コーディアル証券の並び,03-3274-7788,"平日 ：7：30-23：00
金曜日：7：30-23：30
土曜日：8：00-23：00
日祝日：8：00-23：00",https://www.ginza-renoir.co.jp/shopsearch/shops/view/89,TRUE,TRUE,TRUE,FALSE,35.6809903,139.7703596,72席(禁煙:20席/喫煙:52席)
1,御徒町春日通り店 | Cafeルノアール,東京都,台東区,上野6-1-1小西本店ビル2F,JR御徒町駅北口昭和通り方向徒歩1分昭和通り左手前角2階,03-5818-7280,"平日 ：7：30-23：00
土曜日：7：30-23：00
日祝日：8：00-23：00",https://www.ginza-renoir.co.jp/shopsearch/shops/view/9,TRUE,TRUE,TRUE,FALSE,35.7078623,139.7759711,
2,秋葉原昭和通り口店 | Cafeルノアール,東京都,千代田区,神田佐久間町1-18信交ビル2F,JR秋葉原駅昭和通り口徒歩0分,03-5289-7270,"平日 ：7：30-23：00
土曜日：7：30-23：00
日祝日：8：00-22：00",https://www.ginza-renoir.co.jp/shopsearch/shops/view/117,TRUE,TRUE,TRUE,FALSE,35.6978619,139.7747329,124席(禁煙:62席/喫煙:62席)
3,上野公園前店 | Cafeルノアール,東京都,台東区,上野2-13-13キクヤビルB1F,JR上野駅徒歩2分不忍通り入口交差点右角地下1階,03-3831-3603,"平日 ：8：00-23：00
土曜日：8：00-23：00
日祝日：9：00-23：00",https://www.ginza-renoir.co.jp/shopsearch/shops/view/61,TRUE,TRUE,TRUE,FALSE,35.70998,139.773188,67席(禁煙:0席/喫煙:67席)
4,新宿京王モール店 | Cafeルノアール,東京都,新宿区,西新宿1-南口地下街1京王モール第A-5区画,"JR新宿駅西口地下広場を左に抜けて京王モール内すぐ
 
 京王線・京王新線新宿駅から、徒歩０分",03-3348-7333,"月-木：7：00-23：00
金曜日：7：00-23：30
土曜日：7：00-23：30
日祝日：7：00-23：00",https://www.ginza-renoir.co.jp/shopsearch/shops/view/53,TRUE,TRUE,FALSE,FALSE,35.689658,139.698676,80席(禁煙:48席/喫煙:32席)
5,日本橋三越前店 | Cafeルノアール,東京都,中央区,日本橋本町1-1立石ビル1F,地下鉄銀座線三越前駅A1出口駿河銀行横入る徒歩2分,03-3278-0288,"平日 ：7：30-20：00
土曜日：7：30-19：00",https://www.ginza-renoir.co.jp/shopsearch/shops/view/28,TRUE,TRUE,TRUE,FALSE,35.685293,139.776123,